767.445,0,0.000,20.856,0.000,0.000,0.158,0.0000000,0.0000000,0.000,0.000,0.805626,0.065597,-0.035958,-0.587682
767.945,0,0.000,20.877,0.000,0.000,0.186,0.0000000,0.0000000,0.000,0.000,0.814012,0.064003,-0.034445,-0.576283
768.445,0,0.000,20.850,0.000,0.000,0.068,0.0000000,0.0000000,0.000,0.000,0.818002,0.067354,-0.039567,-0.569887
768.945,0,0.000,20.854,0.000,0.000,0.129,0.0000000,0.0000000,0.000,0.000,0.816075,0.063092,-0.055055,-0.571848
769.446,0,0.000,20.863,0.000,0.000,0.121,0.0000000,0.0000000,0.000,0.000,0.824997,0.053795,-0.057594,-0.559615
769.946,0,0.000,20.863,0.000,0.000,0.116,0.0000000,0.0000000,0.000,0.000,0.820160,0.049331,-0.064334,-0.566362
770.450,0,0.000,20.866,0.000,0.000,0.100,0.0000000,0.0000000,0.000,0.000,0.817229,0.031427,-0.060561,-0.572260
770.950,0,0.000,20.879,0.000,0.000,0.155,0.0000000,0.0000000,0.000,0.000,0.820137,0.046794,-0.056712,-0.567423
771.450,0,0.000,20.868,0.000,0.000,0.111,0.0000000,0.0000000,0.000,0.000,0.819752,0.041303,-0.050534,-0.568987
771.950,0,0.000,20.872,0.000,0.000,0.065,0.0000000,0.0000000,0.000,0.000,0.819576,0.052688,-0.058186,-0.567568
772.450,0,0.000,20.838,0.000,0.000,0.144,0.0000000,0.0000000,0.000,0.000,0.815275,0.062236,-0.049727,-0.573568
772.950,0,0.000,20.875,0.000,0.000,0.130,0.0000000,0.0000000,0.000,0.000,0.814787,0.055329,-0.055667,-0.574424
773.450,0,0.000,20.856,0.000,0.000,0.036,0.0000000,0.0000000,0.000,0.000,0.811086,0.054845,-0.040633,-0.580930
773.950,0,0.000,20.868,0.000,0.000,0.061,0.0000000,0.0000000,0.000,0.000,0.808989,0.056613,-0.036371,-0.583959
774.450,0,0.000,20.879,0.000,0.000,0.100,0.0000000,0.0000000,0.000,0.000,0.811025,0.046643,-0.040086,-0.581769
774.950,0,0.000,20.866,0.000,0.000,0.090,0.0000000,0.0000000,0.000,0.000,0.809972,0.043547,-0.048801,-0.582810
775.450,0,0.000,20.884,0.000,0.000,0.199,0.0000000,0.0000000,0.000,0.000,0.809086,0.063288,-0.038161,-0.583025
775.950,0,0.000,20.870,0.000,0.000,0.101,0.0000000,0.0000000,0.000,0.000,0.810209,0.062191,-0.030326,-0.582042
776.450,0,0.000,20.870,0.000,0.000,0.043,0.0000000,0.0000000,0.000,0.000,0.818367,0.058016,-0.035416,-0.570663
776.950,0,0.000,20.863,0.000,0.000,0.188,0.0000000,0.0000000,0.000,0.000,0.821851,0.052654,-0.032381,-0.566340
777.450,0,0.000,20.886,0.000,0.000,0.081,0.0000000,0.0000000,0.000,0.000,0.822030,0.058050,-0.030106,-0.565677
777.950,0,0.000,20.863,0.000,0.000,0.144,0.0000000,0.0000000,0.000,0.000,0.828483,0.048918,-0.043166,-0.556202
778.450,0,0.000,20.856,0.000,0.000,0.069,0.0000000,0.0000000,0.000,0.000,0.828210,0.040422,-0.060837,-0.555638
778.950,0,0.000,20.863,0.000,0.000,0.071,0.0000000,0.0000000,0.000,0.000,0.823664,0.056335,-0.058204,-0.561263
779.450,0,0.000,20.877,0.000,0.000,0.174,0.0000000,0.0000000,0.000,0.000,0.824078,0.056802,-0.061833,-0.560220
779.950,0,0.000,20.875,0.000,0.000,0.150,0.0000000,0.0000000,0.000,0.000,0.822511,0.053438,-0.059233,-0.563126
780.450,0,0.000,20.850,0.000,0.000,0.150,0.0000000,0.0000000,0.000,0.000,0.828971,0.046256,-0.065620,-0.553500
780.950,0,0.000,20.861,0.000,0.000,0.135,0.0000000,0.0000000,0.000,0.000,0.831394,0.055377,-0.058212,-0.549844
781.450,0,0.000,20.877,0.000,0.000,0.119,0.0000000,0.0000000,0.000,0.000,0.836361,0.049576,-0.040882,-0.544400
781.950,0,0.000,20.843,0.000,0.000,0.077,0.0000000,0.0000000,0.000,0.000,0.832338,0.057144,-0.044820,-0.549490
782.450,0,0.000,20.870,0.000,0.000,0.167,0.0000000,0.0000000,0.000,0.000,0.833110,0.058769,-0.043374,-0.548264
782.950,0,0.000,20.866,0.000,0.000,0.146,0.0000000,0.0000000,0.000,0.000,0.833614,0.045606,-0.059376,-0.547249
783.450,0,0.000,20.875,0.000,0.000,0.182,0.0000000,0.0000000,0.000,0.000,0.837026,0.055114,-0.061083,-0.540942
783.950,0,0.000,20.863,0.000,0.000,0.091,0.0000000,0.0000000,0.000,0.000,0.835610,0.069527,-0.061722,-0.541398
784.450,0,0.000,20.870,0.000,0.000,0.105,0.0000000,0.0000000,0.000,0.000,0.838861,0.069060,-0.046784,-0.537916
784.950,0,0.000,20.859,0.000,0.000,0.085,0.0000000,0.0000000,0.000,0.000,0.840636,0.068631,-0.044818,-0.535362
785.450,0,0.000,20.872,0.000,0.000,0.097,0.0000000,0.0000000,0.000,0.000,0.837988,0.067520,-0.040243,-0.539998
785.950,0,0.000,20.868,0.000,0.000,0.091,0.0000000,0.0000000,0.000,0.000,0.839691,0.070491,-0.039048,-0.537053
786.450,0,0.000,20.866,0.000,0.000,0.128,0.0000000,0.0000000,0.000,0.000,0.849132,0.068296,-0.043309,-0.521953
786.950,0,0.000,20.866,0.000,0.000,0.086,0.0000000,0.0000000,0.000,0.000,0.854691,0.061140,-0.054113,-0.512676
787.450,0,0.000,20.900,0.000,0.000,0.149,0.0000000,0.0000000,0.000,0.000,0.859252,0.059312,-0.052117,-0.505422
787.950,0,0.000,20.872,0.000,0.000,0.084,0.0000000,0.0000000,0.000,0.000,0.856245,0.067878,-0.053482,-0.509290
788.450,0,0.000,20.861,0.000,0.000,0.086,0.0000000,0.0000000,0.000,0.000,0.850981,0.064562,-0.065919,-0.517028
788.950,0,0.000,20.856,0.000,0.000,0.193,0.0000000,0.0000000,0.000,0.000,0.844713,0.064678,-0.073511,-0.526187
789.450,0,0.000,20.861,0.000,0.000,0.124,0.0000000,0.0000000,0.000,0.000,0.839269,0.075749,-0.044973,-0.536532
789.950,0,0.000,20.852,0.000,0.000,0.245,0.0000000,0.0000000,0.000,0.000,0.838676,0.055517,-0.067963,-0.537515
790.450,0,0.000,20.845,0.000,0.000,0.172,0.0000000,0.0000000,0.000,0.000,0.837343,0.054134,-0.062182,-0.540425
790.950,0,0.000,20.872,0.000,0.000,0.174,0.0000000,0.0000000,0.000,0.000,0.845540,0.046009,-0.041192,-0.530329
791.450,0,0.000,20.856,0.000,0.000,0.107,0.0000000,0.0000000,0.000,0.000,0.849179,0.048815,-0.039829,-0.524333
791.950,0,0.000,20.879,0.000,0.000,0.021,0.0000000,0.0000000,0.000,0.000,0.851417,0.050751,-0.045454,-0.520045
792.450,0,0.000,20.870,0.000,0.000,0.060,0.0000000,0.0000000,0.000,0.000,0.844884,0.058384,-0.044605,-0.529880
792.950,0,0.000,20.870,0.000,0.000,0.074,0.0000000,0.0000000,0.000,0.000,0.846236,0.052069,-0.054977,-0.527401
793.450,0,0.000,20.861,0.000,0.000,0.149,0.0000000,0.0000000,0.000,0.000,0.846035,0.068125,-0.043069,-0.527001
793.950,0,0.000,20.866,0.000,0.000,0.064,0.0000000,0.0000000,0.000,0.000,0.850363,0.053372,-0.040233,-0.521934
794.450,0,0.000,20.875,0.000,0.000,0.142,0.0000000,0.0000000,0.000,0.000,0.848565,0.063340,-0.045570,-0.523307
794.950,0,0.000,20.875,0.000,0.000,0.057,0.0000000,0.0000000,0.000,0.000,0.854065,0.053252,-0.046547,-0.515336
795.450,0,0.000,20.863,0.000,0.000,0.148,0.0000000,0.0000000,0.000,0.000,0.854583,0.055194,-0.050759,-0.513872
795.950,0,0.000,20.881,0.000,0.000,0.164,0.0000000,0.0000000,0.000,0.000,0.858896,0.044345,-0.052374,-0.507531
796.450,0,0.000,20.870,0.000,0.000,0.079,0.0000000,0.0000000,0.000,0.000,0.861720,0.049211,-0.045528,-0.502935
796.950,0,0.000,20.852,0.000,0.000,0.093,0.0000000,0.0000000,0.000,0.000,0.856313,0.051669,-0.045456,-0.511852
797.450,0,0.000,20.868,0.000,0.000,0.215,0.0000000,0.0000000,0.000,0.000,0.862248,0.058586,-0.053252,-0.500260
797.950,0,0.000,20.870,0.000,0.000,0.092,0.0000000,0.0000000,0.000,0.000,0.863085,0.070206,-0.055872,-0.497025
798.450,0,0.000,20.870,0.000,0.000,0.128,0.0000000,0.0000000,0.000,0.000,0.862987,0.056763,-0.061448,-0.498252
798.950,0,0.000,20.888,0.000,0.000,0.180,0.0000000,0.0000000,0.000,0.000,0.864472,0.052728,-0.059875,-0.496310
799.450,0,0.000,20.859,0.000,0.000,0.069,0.0000000,0.0000000,0.000,0.000,0.862730,0.057027,-0.050183,-0.499926
799.950,0,0.000,20.859,0.000,0.000,0.185,0.0000000,0.0000000,0.000,0.000,0.860174,0.060146,-0.050550,-0.503912
800.455,0,0.000,20.879,0.000,0.000,0.133,0.0000000,0.0000000,0.000,0.000,0.863271,0.059156,-0.051999,-0.498558
800.955,0,0.000,20.877,0.000,0.000,0.165,0.0000000,0.0000000,0.000,0.000,0.864714,0.054468,-0.043782,-0.497379
801.455,0,0.000,20.872,0.000,0.000,0.199,0.0000000,0.0000000,0.000,0.000,0.866331,0.052256,-0.042861,-0.494877
801.955,0,0.000,20.877,0.000,0.000,0.136,0.0000000,0.0000000,0.000,0.000,0.864242,0.042156,-0.045556,-0.499233
802.455,0,0.000,20.861,0.000,0.000,0.083,0.0000000,0.0000000,0.000,0.000,0.866688,0.048161,-0.050953,-0.493899
802.955,0,0.000,20.870,0.000,0.000,0.161,0.0000000,0.0000000,0.000,0.000,0.865309,0.060487,-0.040559,-0.495919
803.455,0,0.000,20.856,0.000,0.000,0.098,0.0000000,0.0000000,0.000,0.000,0.863752,0.054503,-0.039508,-0.499400
803.955,0,0.000,20.863,0.000,0.000,0.138,0.0000000,0.0000000,0.000,0.000,0.870580,0.058354,-0.049182,-0.486072
804.455,0,0.000,20.879,0.000,0.000,0.324,0.0000000,0.0000000,0.000,0.000,0.877892,0.008554,-0.045008,-0.476663
804.955,0,0.006,20.875,0.000,0.000,-0.756,0.0000000,0.0000000,0.000,0.000,0.866146,-0.021786,-0.095876,-0.490025
805.455,0,0.000,20.875,0.000,0.000,-0.187,0.0000000,0.0000000,0.000,0.000,0.873778,-0.000764,-0.103646,-0.475152
805.955,0,0.000,20.870,0.000,0.000,0.650,0.0000000,0.0000000,0.000,0.000,0.888320,-0.042018,-0.001192,-0.457297
806.455,0,0.000,20.854,0.000,0.000,3.059,0.0000000,0.0000000,0.000,0.000,0.910550,-0.028469,-0.019765,-0.411944
806.955,0,0.000,20.852,0.000,0.000,-0.944,0.0000000,0.0000000,0.000,0.000,0.778045,0.124377,0.037660,-0.614620
807.455,0,0.000,20.877,0.000,0.000,-0.027,0.0000000,0.0000000,0.000,0.000,0.553526,0.141334,-0.051078,-0.819161
807.955,0,0.000,20.863,0.000,0.000,-2.394,0.0000000,0.0000000,0.000,0.000,-0.022639,0.103753,-0.055610,-0.992789
808.455,0,0.000,20.877,0.000,0.000,-0.118,0.0000000,0.0000000,0.000,0.000,-0.265663,0.066808,-0.059122,-0.959929
808.955,0,0.000,20.852,0.000,0.000,0.095,0.0000000,0.0000000,0.000,0.000,-0.342395,0.046208,-0.100497,-0.933022
809.455,0,0.006,20.872,0.000,0.000,0.308,0.0000000,0.0000000,0.000,0.000,-0.293743,0.051579,-0.087001,-0.950519
809.955,0,0.000,20.847,0.000,0.000,0.073,0.0000000,0.0000000,0.000,0.000,-0.270458,0.030535,-0.098868,-0.957155
810.455,0,0.000,20.872,0.000,0.000,-0.017,0.0000000,0.0000000,0.000,0.000,-0.189030,0.023773,-0.074150,-0.978879
810.955,0,0.000,20.877,0.000,0.000,-0.175,0.0000000,0.0000000,0.000,0.000,-0.140205,0.034519,-0.077696,-0.986466
811.455,0,0.000,20.881,0.000,0.000,0.281,0.0000000,0.0000000,0.000,0.000,-0.122745,0.047264,-0.046571,-0.990218
811.955,0,0.000,20.859,0.000,0.000,-0.072,0.0000000,0.0000000,0.000,0.000,-0.150966,0.028325,-0.040494,-0.987303
812.455,0,0.000,20.859,0.000,0.000,-0.003,0.0000000,0.0000000,0.000,0.000,-0.155173,0.048453,-0.042619,-0.985777
812.955,0,0.000,20.877,0.000,0.000,0.102,0.0000000,0.0000000,0.000,0.000,-0.131875,0.039796,-0.052243,-0.989088
813.455,0,0.000,20.863,0.000,0.000,0.156,0.0000000,0.0000000,0.000,0.000,-0.144774,0.042287,-0.055233,-0.987017
813.955,0,0.000,20.866,0.000,0.000,0.200,0.0000000,0.0000000,0.000,0.000,-0.127435,0.026613,-0.056119,-0.989900
814.455,0,0.000,20.875,0.000,0.000,-0.225,0.0000000,0.0000000,0.000,0.000,-0.140723,0.031752,-0.058929,-0.987783
814.955,0,0.000,20.866,0.000,0.000,0.323,0.0000000,0.0000000,0.000,0.000,-0.146180,0.060600,-0.085145,-0.983722
815.455,0,0.000,20.854,0.000,0.000,0.457,0.0000000,0.0000000,0.000,0.000,-0.229139,0.047790,-0.076358,-0.969217
815.955,0,0.000,20.868,0.000,0.000,-0.166,0.0000000,0.0000000,0.000,0.000,-0.301517,0.072533,-0.046372,-0.949566
816.455,0,0.000,20.854,0.000,0.000,0.232,0.0000000,0.0000000,0.000,0.000,-0.405910,-0.000943,-0.038838,-0.913087
816.955,0,0.000,20.859,0.000,0.000,0.129,0.0000000,0.0000000,0.000,0.000,-0.402282,0.016670,-0.050910,-0.913947
817.455,0,0.000,20.879,0.000,0.000,0.162,0.0000000,0.0000000,0.000,0.000,-0.381371,0.016634,-0.057681,-0.922471
817.955,0,0.000,20.861,0.000,0.000,-0.306,0.0000000,0.0000000,0.000,0.000,-0.412107,-0.033422,-0.008399,-0.910484
818.455,0,0.000,20.875,0.000,0.000,0.231,0.0000000,0.0000000,0.000,0.000,-0.443712,-0.018295,-0.024450,-0.895649
818.955,0,0.000,20.870,0.000,0.000,0.215,0.0000000,0.0000000,0.000,0.000,-0.275207,0.034624,0.017622,-0.960600
819.455,0,0.000,20.852,0.000,0.000,0.074,0.0000000,0.0000000,0.000,0.000,0.005690,0.059606,0.000794,-0.998205
819.955,0,0.000,20.872,0.000,0.000,-1.320,0.0000000,0.0000000,0.000,0.000,0.188701,0.049257,0.010259,-0.980745
820.455,0,0.000,20.861,0.000,0.000,-1.061,0.0000000,0.0000000,0.000,0.000,0.366905,0.093261,-0.026144,-0.925203
820.955,0,0.000,20.866,0.000,0.000,0.365,0.0000000,0.0000000,0.000,0.000,0.637823,0.104955,-0.107752,-0.755352
821.455,0,0.000,20.877,0.000,0.000,1.000,0.0000000,0.0000000,0.000,0.000,0.890935,0.097763,-0.138700,-0.421235
821.955,0,0.000,20.868,0.000,0.000,0.275,0.0000000,0.0000000,0.000,0.000,0.946388,-0.008955,-0.086060,-0.311229
822.455,0,0.000,20.847,0.000,0.000,0.073,0.0000000,0.0000000,0.000,0.000,0.909267,0.049608,-0.106147,-0.399382
822.955,0,0.000,20.872,0.000,0.000,0.585,0.0000000,0.0000000,0.000,0.000,0.892820,0.093408,-0.103486,-0.428296
823.455,0,0.000,20.856,0.000,0.000,-0.091,0.0000000,0.0000000,0.000,0.000,0.880083,0.017428,-0.057610,-0.470990
823.955,0,0.000,20.866,0.000,0.000,0.649,0.0000000,0.0000000,0.000,0.000,0.887304,-0.005438,0.035540,-0.459782
824.455,0,0.000,20.879,0.000,0.000,-0.149,0.0000000,0.0000000,0.000,0.000,0.878933,0.012655,0.010227,-0.476667
824.955,0,0.000,20.863,0.000,0.000,0.101,0.0000000,0.0000000,0.000,0.000,0.836177,0.016505,-0.013034,-0.548057
825.455,0,0.000,20.866,0.000,0.000,0.224,0.0000000,0.0000000,0.000,0.000,0.822127,0.005359,-0.020256,-0.568919
825.955,0,0.000,20.854,0.000,0.000,-0.866,0.0000000,0.0000000,0.000,0.000,0.819177,0.039394,-0.053382,-0.569691
826.455,0,0.000,20.893,0.000,0.000,0.095,0.0000000,0.0000000,0.000,0.000,0.844435,0.070605,-0.100322,-0.521421
826.955,0,0.006,20.884,0.000,0.000,0.374,0.0000000,0.0000000,0.000,0.000,0.850062,0.087203,-0.086215,-0.512208
827.455,0,0.000,20.854,0.000,0.000,-0.014,0.0000000,0.0000000,0.000,0.000,0.797024,0.285229,-0.271522,-0.457900
827.955,0,0.000,20.884,0.000,0.000,0.043,0.0000000,0.0000000,0.000,0.000,-0.811771,0.220953,-0.003764,0.540548
828.455,0,0.000,20.838,0.000,0.000,0.121,0.0000000,0.0000000,0.000,0.000,-0.845611,0.149516,0.047341,0.510241
828.955,0,0.006,20.877,0.000,0.000,-0.002,0.0000000,0.0000000,0.000,0.000,-0.838089,0.149826,0.055228,0.521640
829.455,0,0.000,20.872,0.000,0.000,0.079,0.0000000,0.0000000,0.000,0.000,-0.836879,0.159537,0.064100,0.519685
829.955,0,0.000,20.861,0.000,0.000,-0.325,0.0000000,0.0000000,0.000,0.000,-0.797021,0.351036,-0.104015,0.480325
830.455,0,0.000,20.856,0.000,0.000,0.391,0.0000000,0.0000000,0.000,0.000,0.862900,0.050693,-0.087242,-0.495200
830.955,0,0.000,20.868,0.000,0.000,0.122,0.0000000,0.0000000,0.000,0.000,0.846060,0.003183,-0.018153,-0.532768
831.455,0,0.000,20.863,0.000,0.000,0.192,0.0000000,0.0000000,0.000,0.000,0.843414,0.005296,-0.012508,-0.537092
831.955,0,0.000,20.861,0.000,0.000,0.175,0.0000000,0.0000000,0.000,0.000,0.842843,0.022519,-0.003934,-0.537674
832.455,0,0.000,20.868,0.000,0.000,0.113,0.0000000,0.0000000,0.000,0.000,0.850320,0.010011,-0.005791,-0.526139
832.955,0,0.000,20.868,0.000,0.000,0.030,0.0000000,0.0000000,0.000,0.000,0.850072,-0.033699,0.048267,-0.523366
833.455,0,0.000,20.875,0.000,0.000,0.166,0.0000000,0.0000000,0.000,0.000,0.844242,-0.092266,0.082825,-0.521424
833.955,0,0.000,20.856,0.000,0.000,0.191,0.0000000,0.0000000,0.000,0.000,0.839709,-0.094797,0.091968,-0.526730
834.455,0,0.000,20.866,0.000,0.000,0.132,0.0000000,0.0000000,0.000,0.000,0.834483,-0.118886,0.103593,-0.527990
834.955,0,0.000,20.881,0.000,0.000,0.234,0.0000000,0.0000000,0.000,0.000,0.824866,-0.142347,0.123875,-0.532906
835.455,0,0.000,20.872,0.000,0.000,0.088,0.0000000,0.0000000,0.000,0.000,0.822805,-0.145444,0.132476,-0.533188
835.955,0,0.000,20.872,0.000,0.000,-0.117,0.0000000,0.0000000,0.000,0.000,0.884213,-0.068523,0.028852,-0.461129
836.455,0,0.000,20.852,0.000,0.000,-0.051,0.0000000,0.0000000,0.000,0.000,0.984863,-0.014060,0.030673,-0.170018
836.955,0,0.000,20.866,0.000,0.000,0.161,0.0000000,0.0000000,0.000,0.000,0.992142,0.018682,0.027629,0.120593
837.455,0,0.000,20.868,0.000,0.000,0.172,0.0000000,0.0000000,0.000,0.000,0.962408,0.019167,-0.010715,0.270718
837.955,0,0.000,20.868,0.000,0.000,-0.056,0.0000000,0.0000000,0.000,0.000,0.867358,0.007968,-0.052305,0.494864
838.455,0,0.000,20.866,0.000,0.000,0.165,0.0000000,0.0000000,0.000,0.000,0.864308,0.002349,-0.044837,0.500955
838.955,0,0.000,20.863,0.000,0.000,0.559,0.0000000,0.0000000,0.000,0.000,0.869361,0.002574,-0.042935,0.492303
839.455,0,0.000,20.859,0.000,0.000,-1.061,0.0000000,0.0000000,0.000,0.000,0.995561,0.014371,-0.083911,0.040122
839.955,0,0.000,20.875,0.000,0.000,-5.079,0.0000000,0.0000000,0.000,0.000,0.895449,0.093220,-0.062027,-0.430852
840.455,0,0.000,20.881,0.000,0.000,8.759,0.0000000,0.0000000,0.000,0.000,0.854125,0.130238,0.007166,-0.503445
840.955,0,0.000,20.863,0.000,0.000,3.624,0.0000000,0.0000000,0.000,0.000,0.886654,0.064833,-0.051493,-0.454961
841.455,0,0.000,20.870,0.000,0.000,0.282,0.0000000,0.0000000,0.000,0.000,0.892963,-0.009683,0.013815,-0.449814
841.955,0,0.000,20.856,0.000,0.000,1.508,0.0000000,0.0000000,0.000,0.000,0.907330,0.025886,0.056952,-0.415738
842.455,0,0.000,20.868,0.000,0.000,-0.217,0.0000000,0.0000000,0.000,0.000,0.899127,0.076685,-0.001274,-0.430916
842.955,0,0.000,20.861,0.000,0.000,0.274,0.0000000,0.0000000,0.000,0.000,0.870965,0.050311,0.016939,-0.488469
843.455,0,0.000,20.866,0.000,0.000,-1.097,0.0000000,0.0000000,0.000,0.000,0.837564,0.032349,0.035816,-0.544204
843.955,0,0.000,20.868,0.000,0.000,0.131,0.0000000,0.0000000,0.000,0.000,0.843671,0.023873,0.035089,-0.535181
844.455,0,0.000,20.861,0.000,0.000,0.512,0.0000000,0.0000000,0.000,0.000,0.857863,-0.008113,0.064032,-0.509809
844.955,0,0.000,20.850,0.000,0.000,0.138,0.0000000,0.0000000,0.000,0.000,0.861244,0.009914,0.033100,-0.507016
845.455,0,0.000,20.895,0.000,0.000,-0.214,0.0000000,0.0000000,0.000,0.000,0.882480,0.009319,0.022049,-0.469740
845.955,0,0.000,20.884,0.000,0.000,-0.324,0.0000000,0.0000000,0.000,0.000,0.887999,0.001138,0.064904,-0.455240
846.455,0,0.000,20.891,0.000,0.000,0.182,0.0000000,0.0000000,0.000,0.000,0.887490,-0.020057,0.037620,-0.458850
846.955,0,0.000,20.856,0.000,0.000,0.182,0.0000000,0.0000000,0.000,0.000,0.888569,-0.034493,0.017228,-0.457120
847.455,0,0.000,20.850,0.000,0.000,0.157,0.0000000,0.0000000,0.000,0.000,0.881773,-0.037244,0.032181,-0.469099
847.955,0,0.000,20.866,0.000,0.000,0.168,0.0000000,0.0000000,0.000,0.000,0.882561,-0.042202,0.033207,-0.467121
848.455,0,0.000,20.856,0.000,0.000,0.129,0.0000000,0.0000000,0.000,0.000,0.880570,-0.033803,0.033828,-0.471498
848.955,0,0.000,20.870,0.000,0.000,0.173,0.0000000,0.0000000,0.000,0.000,0.882854,-0.029908,0.032505,-0.467565
849.455,0,0.000,20.868,0.000,0.000,0.103,0.0000000,0.0000000,0.000,0.000,0.889456,-0.016045,0.035176,-0.455383
849.955,0,0.000,20.877,0.000,0.000,0.008,0.0000000,0.0000000,0.000,0.000,0.879827,-0.012679,0.038193,-0.473587
850.455,0,0.000,20.859,0.000,0.000,0.119,0.0000000,0.0000000,0.000,0.000,0.874761,-0.013238,0.047625,-0.482026
850.955,0,0.000,20.852,0.000,0.000,0.266,0.0000000,0.0000000,0.000,0.000,0.873756,-0.018851,0.055530,-0.482817
851.455,0,0.000,20.863,0.000,0.000,-0.296,0.0000000,0.0000000,0.000,0.000,0.871475,0.106625,-0.067481,-0.473930
851.955,0,0.000,20.861,0.000,0.000,0.102,0.0000000,0.0000000,0.000,0.000,0.819153,0.299462,-0.197133,-0.447716
852.455,0,0.000,20.866,0.000,0.000,0.048,0.0000000,0.0000000,0.000,0.000,0.818853,0.313633,-0.195538,-0.439179
852.955,0,0.000,20.875,0.000,0.000,0.043,0.0000000,0.0000000,0.000,0.000,0.814176,0.322000,-0.190407,-0.444048
853.455,0,0.000,20.859,0.000,0.000,-0.016,0.0000000,0.0000000,0.000,0.000,0.832077,0.298089,-0.173284,-0.434469
853.955,0,0.000,20.845,0.000,0.000,0.058,0.0000000,0.0000000,0.000,0.000,0.838619,0.288000,-0.161896,-0.433086
854.455,0,0.000,20.872,0.000,0.000,0.141,0.0000000,0.0000000,0.000,0.000,0.848879,0.264274,-0.164151,-0.427338
854.955,0,0.000,20.861,0.000,0.000,0.139,0.0000000,0.0000000,0.000,0.000,0.859014,0.243153,-0.151494,-0.424289
855.455,0,0.000,20.868,0.000,0.000,0.071,0.0000000,0.0000000,0.000,0.000,0.865763,0.226199,-0.160592,-0.416531
855.955,0,0.000,20.859,0.000,0.000,0.061,0.0000000,0.0000000,0.000,0.000,0.866848,0.242939,-0.154848,-0.406912
856.455,0,0.000,20.875,0.000,0.000,0.144,0.0000000,0.0000000,0.000,0.000,0.861829,0.240680,-0.156978,-0.417949
856.955,0,0.000,20.845,0.000,0.000,0.162,0.0000000,0.0000000,0.000,0.000,0.856959,0.244611,-0.162613,-0.423489
857.455,0,0.000,20.859,0.000,0.000,0.120,0.0000000,0.0000000,0.000,0.000,0.851325,0.247197,-0.168187,-0.431107
857.955,0,0.000,20.884,0.000,0.000,0.008,0.0000000,0.0000000,0.000,0.000,0.866672,0.186095,-0.118324,-0.447490
858.455,0,0.000,20.866,0.000,0.000,-0.174,0.0000000,0.0000000,0.000,0.000,0.801831,0.060192,-0.026448,-0.593922
858.955,0,0.000,20.861,0.000,0.000,-0.810,0.0000000,0.0000000,0.000,0.000,0.884414,0.007451,-0.032725,-0.465495
859.455,0,0.000,20.888,0.000,0.000,0.703,0.0000000,0.0000000,0.000,0.000,0.930648,0.016810,0.036316,-0.363721
859.955,0,0.000,20.861,0.000,0.000,-0.151,0.0000000,0.0000000,0.000,0.000,0.966999,-0.012455,0.024651,-0.253278
860.455,0,0.000,20.863,0.000,0.000,-0.290,0.0000000,0.0000000,0.000,0.000,0.994153,0.007984,0.051498,-0.094570
860.955,0,0.000,20.861,0.000,0.000,0.909,0.0000000,0.0000000,0.000,0.000,0.997387,0.006996,0.067087,-0.025870
861.455,0,0.000,20.854,0.000,0.000,-0.676,0.0000000,0.0000000,0.000,0.000,0.998807,0.025055,0.018224,-0.037747
861.955,0,0.000,20.875,0.000,0.000,0.106,0.0000000,0.0000000,0.000,0.000,0.997301,0.067245,-0.022663,-0.018854
862.455,0,0.000,20.856,0.000,0.000,0.205,0.0000000,0.0000000,0.000,0.000,0.995870,0.087916,-0.001941,-0.022579
862.955,0,0.000,20.877,0.000,0.000,0.139,0.0000000,0.0000000,0.000,0.000,0.996046,0.086542,-0.001435,-0.020005
863.455,0,0.000,20.877,0.000,0.000,0.204,0.0000000,0.0000000,0.000,0.000,0.996070,0.086097,0.010602,-0.017856
863.955,0,0.000,20.868,0.000,0.000,0.094,0.0000000,0.0000000,0.000,0.000,0.996083,0.086512,0.003633,-0.017928
864.455,0,0.000,20.863,0.000,0.000,0.165,0.0000000,0.0000000,0.000,0.000,0.996286,0.085398,0.000329,-0.011040
864.955,0,0.000,20.872,0.000,0.000,0.069,0.0000000,0.0000000,0.000,0.000,0.996572,0.081280,0.000190,-0.015422
865.455,0,0.000,20.854,0.000,0.000,0.131,0.0000000,0.0000000,0.000,0.000,0.997197,0.072639,0.000953,-0.017921
865.955,0,0.000,20.859,0.000,0.000,0.114,0.0000000,0.0000000,0.000,0.000,0.997262,0.068687,-0.017302,-0.021241
866.455,0,0.000,20.895,0.000,0.000,0.029,0.0000000,0.0000000,0.000,0.000,0.997811,0.056427,-0.027477,-0.020823
866.955,0,0.000,20.881,0.000,0.000,0.088,0.0000000,0.0000000,0.000,0.000,0.997245,0.058437,-0.034926,-0.029455
867.455,0,0.000,20.859,0.000,0.000,0.054,0.0000000,0.0000000,0.000,0.000,0.997504,0.057049,-0.037062,-0.018898
867.955,0,0.000,20.863,0.000,0.000,0.083,0.0000000,0.0000000,0.000,0.000,0.997588,0.053361,-0.036473,-0.025288
868.455,0,0.000,20.829,0.000,0.000,0.057,0.0000000,0.0000000,0.000,0.000,0.997544,0.055884,-0.033773,-0.025337
868.955,0,0.000,20.875,0.000,0.000,0.147,0.0000000,0.0000000,0.000,0.000,0.997934,0.055861,-0.021063,-0.023746
869.455,0,0.000,20.834,0.000,0.000,0.139,0.0000000,0.0000000,0.000,0.000,0.997874,0.059907,-0.010330,-0.023502
869.955,0,0.000,20.866,0.000,0.000,0.143,0.0000000,0.0000000,0.000,0.000,0.997353,0.067548,0.012184,-0.023989
870.455,0,0.000,20.854,0.000,0.000,0.106,0.0000000,0.0000000,0.000,0.000,0.997386,0.067722,0.007943,-0.023900
870.960,0,0.000,20.868,0.000,0.000,0.187,0.0000000,0.0000000,0.000,0.000,0.996812,0.077139,0.007203,-0.019072
871.460,0,0.000,20.859,0.000,0.000,0.077,0.0000000,0.0000000,0.000,0.000,0.997321,0.069933,0.003410,-0.021164
871.960,0,0.000,20.875,0.000,0.000,0.156,0.0000000,0.0000000,0.000,0.000,0.996698,0.077850,0.006635,-0.022106
872.460,0,0.000,20.859,0.000,0.000,0.233,0.0000000,0.0000000,0.000,0.000,0.996915,0.074252,-0.001677,-0.025380
872.960,0,0.000,20.868,0.000,0.000,0.053,0.0000000,0.0000000,0.000,0.000,0.996328,0.075845,-0.008213,-0.038860
873.460,0,0.000,20.866,0.000,0.000,0.114,0.0000000,0.0000000,0.000,0.000,0.995928,0.076856,-0.016482,-0.044145
873.960,0,0.000,20.879,0.000,0.000,0.082,0.0000000,0.0000000,0.000,0.000,0.996264,0.069312,-0.009217,-0.050684
874.460,0,0.000,20.856,0.000,0.000,0.055,0.0000000,0.0000000,0.000,0.000,0.996801,0.063500,-0.000474,-0.048530
874.960,0,0.000,20.863,0.000,0.000,0.158,0.0000000,0.0000000,0.000,0.000,0.996634,0.061664,0.016203,-0.051530
875.460,0,0.000,20.868,0.000,0.000,0.048,0.0000000,0.0000000,0.000,0.000,0.997427,0.064813,0.003644,-0.030405
875.960,0,0.000,20.870,0.000,0.000,0.168,0.0000000,0.0000000,0.000,0.000,0.997126,0.068399,0.001696,-0.032529
876.460,0,0.000,20.877,0.000,0.000,0.152,0.0000000,0.0000000,0.000,0.000,0.997372,0.065288,-0.017918,-0.025812
876.960,0,0.000,20.845,0.000,0.000,0.072,0.0000000,0.0000000,0.000,0.000,0.996062,0.079567,-0.017778,-0.034824
877.460,0,0.000,20.863,0.000,0.000,0.225,0.0000000,0.0000000,0.000,0.000,0.996281,0.079707,-0.012736,-0.030141
877.960,0,0.000,20.861,0.000,0.000,0.150,0.0000000,0.0000000,0.000,0.000,0.995842,0.084674,0.004948,-0.033243
878.460,0,0.000,20.886,0.000,0.000,0.121,0.0000000,0.0000000,0.000,0.000,0.996041,0.081706,0.001387,-0.034992
878.960,0,0.000,20.868,0.000,0.000,0.118,0.0000000,0.0000000,0.000,0.000,0.997047,0.066919,-0.002855,-0.037558
879.460,0,0.000,20.884,0.000,0.000,0.135,0.0000000,0.0000000,0.000,0.000,0.996455,0.075991,-0.001083,-0.036065
879.960,0,0.000,20.870,0.000,0.000,0.089,0.0000000,0.0000000,0.000,0.000,0.996777,0.071282,-0.002101,-0.036749
880.460,0,0.000,20.868,0.000,0.000,0.212,0.0000000,0.0000000,0.000,0.000,0.997153,0.066864,-0.006221,-0.034296
880.960,0,0.000,20.850,0.000,0.000,0.108,0.0000000,0.0000000,0.000,0.000,0.997037,0.066197,-0.009939,-0.037908
881.460,0,0.000,20.854,0.000,0.000,0.133,0.0000000,0.0000000,0.000,0.000,0.996796,0.068899,-0.015622,-0.037512
881.960,0,0.000,20.872,0.000,0.000,0.123,0.0000000,0.0000000,0.000,0.000,0.996645,0.071970,-0.007503,-0.038256
882.460,0,0.000,20.856,0.000,0.000,0.077,0.0000000,0.0000000,0.000,0.000,0.996948,0.067543,-0.013845,-0.036623
882.960,0,0.000,20.863,0.000,0.000,0.026,0.0000000,0.0000000,0.000,0.000,0.997394,0.061660,0.000382,-0.037453
883.460,0,0.000,20.861,0.000,0.000,0.113,0.0000000,0.0000000,0.000,0.000,0.997260,0.064214,0.008676,-0.035684
883.960,0,0.006,20.866,0.000,0.000,0.084,0.0000000,0.0000000,0.000,0.000,0.996947,0.065581,0.008880,-0.041429
884.460,0,0.000,20.847,0.000,0.000,0.068,0.0000000,0.0000000,0.000,0.000,0.996851,0.064485,0.019120,-0.042003
884.960,0,0.000,20.872,0.000,0.000,0.098,0.0000000,0.0000000,0.000,0.000,0.996518,0.071950,0.012022,-0.040368
885.460,0,0.000,20.868,0.000,0.000,0.029,0.0000000,0.0000000,0.000,0.000,0.996278,0.071854,0.015447,-0.045032
885.960,0,0.000,20.868,0.000,0.000,0.118,0.0000000,0.0000000,0.000,0.000,0.995444,0.077080,-0.000168,-0.056118
886.460,0,0.000,20.847,0.000,0.000,0.222,0.0000000,0.0000000,0.000,0.000,0.995602,0.075059,-0.007047,-0.055615
886.960,0,0.000,20.863,0.000,0.000,0.185,0.0000000,0.0000000,0.000,0.000,0.995052,0.080182,-0.002959,-0.058591
887.460,0,0.000,20.868,0.000,0.000,0.229,0.0000000,0.0000000,0.000,0.000,0.994785,0.086437,0.005301,-0.053874
887.960,0,0.000,20.850,0.000,0.000,0.101,0.0000000,0.0000000,0.000,0.000,0.995345,0.079202,0.010487,-0.053901
888.460,0,0.000,20.870,0.000,0.000,0.158,0.0000000,0.0000000,0.000,0.000,0.995314,0.079406,0.007281,-0.054702
888.960,0,0.000,20.868,0.000,0.000,0.237,0.0000000,0.0000000,0.000,0.000,0.995189,0.081678,0.001276,-0.054096
889.460,0,0.000,20.868,0.000,0.000,0.135,0.0000000,0.0000000,0.000,0.000,0.994082,0.092614,0.013086,-0.055255
889.960,0,0.000,20.852,0.000,0.000,0.227,0.0000000,0.0000000,0.000,0.000,0.995058,0.082647,-0.005661,-0.054736
890.460,0,0.000,20.866,0.000,0.000,0.129,0.0000000,0.0000000,0.000,0.000,0.995482,0.077525,-0.013600,-0.053112
890.960,0,0.000,20.872,0.000,0.000,0.137,0.0000000,0.0000000,0.000,0.000,0.995062,0.082425,-0.007304,-0.054818
891.460,0,0.000,20.875,0.000,0.000,0.184,0.0000000,0.0000000,0.000,0.000,0.995243,0.079028,-0.001878,-0.056945
891.960,0,0.000,20.856,0.000,0.000,0.125,0.0000000,0.0000000,0.000,0.000,0.995832,0.066971,-0.020638,-0.058381
892.460,0,0.000,20.872,0.000,0.000,0.170,0.0000000,0.0000000,0.000,0.000,0.996364,0.069976,-0.020091,-0.044250
892.960,0,0.000,20.840,0.000,0.000,0.163,0.0000000,0.0000000,0.000,0.000,0.996060,0.072688,-0.017119,-0.047830
893.460,0,0.000,20.863,0.000,0.000,0.091,0.0000000,0.0000000,0.000,0.000,0.996836,0.064033,-0.008199,-0.046365
893.960,0,0.000,20.870,0.000,0.000,0.102,0.0000000,0.0000000,0.000,0.000,0.995790,0.075356,-0.001744,-0.052156
894.460,0,0.000,20.856,0.000,0.000,0.124,0.0000000,0.0000000,0.000,0.000,0.995693,0.078091,0.009184,-0.049120
894.960,0,0.000,20.859,0.000,0.000,0.186,0.0000000,0.0000000,0.000,0.000,0.995996,0.080378,0.011120,-0.037506
895.460,0,0.000,20.859,0.000,0.000,0.155,0.0000000,0.0000000,0.000,0.000,0.996527,0.074984,0.008689,-0.035150
895.960,0,0.000,20.866,0.000,0.000,0.075,0.0000000,0.0000000,0.000,0.000,0.996770,0.073155,0.012372,-0.030742
896.460,0,0.000,20.884,0.000,0.000,0.149,0.0000000,0.0000000,0.000,0.000,0.996797,0.074414,0.004335,-0.028961
896.960,0,0.000,20.856,0.000,0.000,0.082,0.0000000,0.0000000,0.000,0.000,0.996631,0.075644,-0.000372,-0.031678
897.460,0,0.000,20.879,0.000,0.000,0.065,0.0000000,0.0000000,0.000,0.000,0.997037,0.068643,-0.004015,-0.034483
897.960,0,0.000,20.859,0.000,0.000,0.162,0.0000000,0.0000000,0.000,0.000,0.996827,0.069345,0.007516,-0.038361
898.460,0,0.000,20.866,0.000,0.000,0.147,0.0000000,0.0000000,0.000,0.000,0.997300,0.059574,-0.006888,-0.042387
898.960,0,0.000,20.877,0.000,0.000,0.179,0.0000000,0.0000000,0.000,0.000,0.997733,0.052813,-0.008164,-0.040895
899.460,0,0.000,20.861,0.000,0.000,0.155,0.0000000,0.0000000,0.000,0.000,0.996445,0.062771,-0.005906,-0.055873
899.960,0,0.000,20.863,0.000,0.000,0.123,0.0000000,0.0000000,0.000,0.000,0.996135,0.062934,-0.009381,-0.060558
900.460,0,0.006,20.863,0.000,0.000,0.141,0.0000000,0.0000000,0.000,0.000,0.995792,0.067298,0.002443,-0.062149
900.960,0,0.000,20.870,0.000,0.000,0.062,0.0000000,0.0000000,0.000,0.000,0.996313,0.061609,-0.013815,-0.058079
901.460,0,0.000,20.861,0.000,0.000,0.174,0.0000000,0.0000000,0.000,0.000,0.996538,0.063331,-0.007275,-0.053364
901.960,0,0.000,20.870,0.000,0.000,0.161,0.0000000,0.0000000,0.000,0.000,0.996350,0.062142,-0.007688,-0.058022
902.460,0,0.000,20.870,0.000,0.000,0.100,0.0000000,0.0000000,0.000,0.000,0.995996,0.070168,-0.003773,-0.055258
902.960,0,0.000,20.854,0.000,0.000,0.168,0.0000000,0.0000000,0.000,0.000,0.995652,0.067646,-0.015198,-0.062208
903.460,0,0.000,20.866,0.000,0.000,0.146,0.0000000,0.0000000,0.000,0.000,0.996664,0.061823,-0.009212,-0.052472
903.960,0,0.000,20.859,0.000,0.000,0.092,0.0000000,0.0000000,0.000,0.000,0.995466,0.069448,-0.006949,-0.064628
904.460,0,0.000,20.859,0.000,0.000,0.102,0.0000000,0.0000000,0.000,0.000,0.995919,0.066079,-0.000143,-0.061469
904.960,0,0.000,20.850,0.000,0.000,0.092,0.0000000,0.0000000,0.000,0.000,0.994018,0.073710,-0.008228,-0.080176
905.460,0,0.000,20.859,0.000,0.000,0.160,0.0000000,0.0000000,0.000,0.000,0.993517,0.082628,-0.007884,-0.077679
905.960,0,0.000,20.859,0.000,0.000,0.117,0.0000000,0.0000000,0.000,0.000,0.993804,0.083288,-0.017128,-0.071580
906.460,0,0.000,20.861,0.000,0.000,0.172,0.0000000,0.0000000,0.000,0.000,0.993181,0.084315,-0.012024,-0.079608
906.960,0,0.000,20.877,0.000,0.000,0.129,0.0000000,0.0000000,0.000,0.000,0.993627,0.065279,-0.025407,-0.088313
907.460,0,0.006,20.881,0.000,0.000,0.166,0.0000000,0.0000000,0.000,0.000,0.992974,0.071376,-0.021724,-0.091848
907.960,0,0.000,20.845,0.000,0.000,0.144,0.0000000,0.0000000,0.000,0.000,0.992811,0.069734,-0.010168,-0.096748
908.460,0,0.000,20.861,0.000,0.000,0.145,0.0000000,0.0000000,0.000,0.000,0.992176,0.064662,-0.012294,-0.106091
908.960,0,0.000,20.866,0.000,0.000,0.173,0.0000000,0.0000000,0.000,0.000,0.992505,0.065918,-0.015978,-0.101655
909.460,0,0.000,20.872,0.000,0.000,0.183,0.0000000,0.0000000,0.000,0.000,0.992797,0.059672,-0.019125,-0.102116
909.960,0,0.000,20.866,0.000,0.000,0.111,0.0000000,0.0000000,0.000,0.000,0.990677,0.078321,-0.003105,-0.111420
910.460,0,0.000,20.852,0.000,0.000,0.014,0.0000000,0.0000000,0.000,0.000,0.990847,0.077108,0.016004,-0.109642
910.960,0,0.000,20.868,0.000,0.000,0.189,0.0000000,0.0000000,0.000,0.000,0.991236,0.082582,0.001404,-0.103103
911.460,0,0.006,20.881,0.000,0.000,0.083,0.0000000,0.0000000,0.000,0.000,0.992190,0.069136,-0.017982,-0.102249
911.960,0,0.006,20.875,0.000,0.000,0.126,0.0000000,0.0000000,0.000,0.000,0.991250,0.068081,-0.012339,-0.112408
912.460,0,0.006,20.868,0.000,0.000,0.104,0.0000000,0.0000000,0.000,0.000,0.991595,0.071641,-0.015114,-0.106672
912.960,0,0.000,20.845,0.000,0.000,0.126,0.0000000,0.0000000,0.000,0.000,0.991490,0.074182,-0.015656,-0.105829
913.460,0,0.000,20.847,0.000,0.000,0.092,0.0000000,0.0000000,0.000,0.000,0.990357,0.073878,-0.009483,-0.116816
913.960,0,0.000,20.863,0.000,0.000,0.121,0.0000000,0.0000000,0.000,0.000,0.989371,0.072634,-0.012969,-0.125307
914.460,0,0.000,20.879,0.000,0.000,0.083,0.0000000,0.0000000,0.000,0.000,0.987068,0.083401,-0.022034,-0.135114
914.960,0,0.000,20.856,0.000,0.000,0.159,0.0000000,0.0000000,0.000,0.000,0.986564,0.082311,-0.029378,-0.138033
915.460,0,0.000,20.866,0.000,0.000,0.161,0.0000000,0.0000000,0.000,0.000,0.986229,0.080031,-0.030275,-0.141532
915.960,0,0.000,20.866,0.000,0.000,0.122,0.0000000,0.0000000,0.000,0.000,0.988236,0.070687,-0.032800,-0.131596
916.460,0,0.000,20.881,0.000,0.000,0.126,0.0000000,0.0000000,0.000,0.000,0.988147,0.068627,-0.036425,-0.132399
916.960,0,0.000,20.859,0.000,0.000,0.153,0.0000000,0.0000000,0.000,0.000,0.986511,0.065153,-0.033124,-0.146469
917.460,0,0.000,20.854,0.000,0.000,0.101,0.0000000,0.0000000,0.000,0.000,0.986568,0.069360,-0.022555,-0.146167
917.960,0,0.000,20.863,0.000,0.000,0.139,0.0000000,0.0000000,0.000,0.000,0.987574,0.074526,-0.031218,-0.134793
918.460,0,0.000,20.868,0.000,0.000,0.160,0.0000000,0.0000000,0.000,0.000,0.988888,0.069373,-0.016985,-0.130382
918.960,0,0.000,20.868,0.000,0.000,0.084,0.0000000,0.0000000,0.000,0.000,0.986807,0.076541,-0.026698,-0.140145
919.460,0,0.000,20.872,0.000,0.000,0.105,0.0000000,0.0000000,0.000,0.000,0.985399,0.085870,-0.010025,-0.146677
919.960,0,0.000,20.861,0.000,0.000,0.069,0.0000000,0.0000000,0.000,0.000,0.986190,0.076458,-0.006929,-0.146747
920.460,0,0.000,20.884,0.000,0.000,0.147,0.0000000,0.0000000,0.000,0.000,0.986145,0.065913,-0.008005,-0.152019
920.960,0,0.000,20.868,0.000,0.000,0.085,0.0000000,0.0000000,0.000,0.000,0.984792,0.060331,-0.010867,-0.162561
921.460,0,0.000,20.877,0.000,0.000,0.185,0.0000000,0.0000000,0.000,0.000,0.984970,0.066904,-0.013505,-0.158666
921.960,0,0.000,20.847,0.000,0.000,0.181,0.0000000,0.0000000,0.000,0.000,0.985710,0.070378,-0.011388,-0.152624
922.460,0,0.000,20.875,0.000,0.000,0.079,0.0000000,0.0000000,0.000,0.000,0.985875,0.074928,-0.010567,-0.149416
922.960,0,0.000,20.870,0.000,0.000,0.155,0.0000000,0.0000000,0.000,0.000,0.986560,0.073990,-0.003972,-0.145633
923.460,0,0.000,20.847,0.000,0.000,0.110,0.0000000,0.0000000,0.000,0.000,0.986107,0.071453,-0.004759,-0.149879
923.960,0,0.000,20.875,0.000,0.000,0.109,0.0000000,0.0000000,0.000,0.000,0.984386,0.071135,0.004471,-0.160944
924.460,0,0.000,20.870,0.000,0.000,0.170,0.0000000,0.0000000,0.000,0.000,0.984765,0.076478,0.001310,-0.156166
924.960,0,0.000,20.870,0.000,0.000,0.164,0.0000000,0.0000000,0.000,0.000,0.984068,0.064699,-0.015153,-0.164911
925.460,0,0.000,20.888,0.000,0.000,0.175,0.0000000,0.0000000,0.000,0.000,0.982768,0.082936,0.006089,-0.165082
925.960,0,0.000,20.861,0.000,0.000,0.157,0.0000000,0.0000000,0.000,0.000,0.982213,0.071038,-0.011475,-0.173437
926.460,0,0.000,20.881,0.000,0.000,0.138,0.0000000,0.0000000,0.000,0.000,0.984703,0.066756,-0.020375,-0.159649
926.960,0,0.000,20.863,0.000,0.000,0.137,0.0000000,0.0000000,0.000,0.000,0.986393,0.059607,-0.017742,-0.152189
927.460,0,0.000,20.861,0.000,0.000,0.122,0.0000000,0.0000000,0.000,0.000,0.984086,0.060443,-0.010367,-0.166775
927.960,0,0.000,20.879,0.000,0.000,0.072,0.0000000,0.0000000,0.000,0.000,0.982726,0.080930,0.017009,-0.165560
928.460,0,0.000,20.863,0.000,0.000,0.126,0.0000000,0.0000000,0.000,0.000,0.984272,0.071351,-0.009169,-0.161347
928.960,0,0.000,20.861,0.000,0.000,0.150,0.0000000,0.0000000,0.000,0.000,0.983073,0.078438,-0.013911,-0.164987
929.460,0,0.000,20.847,0.000,0.000,0.122,0.0000000,0.0000000,0.000,0.000,0.984940,0.071747,-0.018148,-0.156258
929.960,0,0.000,20.856,0.000,0.000,0.124,0.0000000,0.0000000,0.000,0.000,0.983535,0.066349,-0.023900,-0.166392
930.460,0,0.000,20.850,0.000,0.000,0.231,0.0000000,0.0000000,0.000,0.000,0.983891,0.066081,-0.017503,-0.165181
930.960,0,0.000,20.875,0.000,0.000,0.084,0.0000000,0.0000000,0.000,0.000,0.981767,0.065872,-0.035836,-0.174670
931.460,0,0.000,20.850,0.000,0.000,0.168,0.0000000,0.0000000,0.000,0.000,0.980858,0.061479,-0.042126,-0.179898
931.960,0,0.000,20.884,0.000,0.000,0.142,0.0000000,0.0000000,0.000,0.000,0.979340,0.068394,-0.041876,-0.185641
932.460,0,0.000,20.856,0.000,0.000,0.153,0.0000000,0.0000000,0.000,0.000,0.980329,0.065567,-0.036284,-0.182592
932.960,0,0.000,20.872,0.000,0.000,0.138,0.0000000,0.0000000,0.000,0.000,0.978962,0.069587,-0.046169,-0.186168
933.460,0,0.000,20.868,0.000,0.000,0.078,0.0000000,0.0000000,0.000,0.000,0.977313,0.068323,-0.034860,-0.197425
933.960,0,0.000,20.861,0.000,0.000,0.256,0.0000000,0.0000000,0.000,0.000,0.976922,0.070691,-0.020869,-0.200477
934.460,0,0.000,20.859,0.000,0.000,0.125,0.0000000,0.0000000,0.000,0.000,0.976805,0.070733,-0.020116,-0.201107
934.960,0,0.000,20.872,0.000,0.000,0.142,0.0000000,0.0000000,0.000,0.000,0.978778,0.057459,-0.032000,-0.194082
935.460,0,0.006,20.877,0.000,0.000,0.082,0.0000000,0.0000000,0.000,0.000,0.980273,0.054283,-0.039090,-0.185983
935.960,0,0.000,20.856,0.000,0.000,0.102,0.0000000,0.0000000,0.000,0.000,0.982509,0.047525,-0.024163,-0.178419
936.460,0,0.000,20.863,0.000,0.000,0.105,0.0000000,0.0000000,0.000,0.000,0.984120,0.055852,-0.022630,-0.166964
936.960,0,0.000,20.888,0.000,0.000,0.160,0.0000000,0.0000000,0.000,0.000,0.983980,0.055934,-0.016560,-0.168465
937.460,0,0.000,20.877,0.000,0.000,0.181,0.0000000,0.0000000,0.000,0.000,0.981584,0.065455,-0.009921,-0.179192
937.960,0,0.000,20.856,0.000,0.000,0.127,0.0000000,0.0000000,0.000,0.000,0.982781,0.063249,-0.016026,-0.172871
938.460,0,0.000,20.850,0.000,0.000,0.141,0.0000000,0.0000000,0.000,0.000,0.985197,0.061302,-0.011835,-0.159653
938.960,0,0.000,20.861,0.000,0.000,0.126,0.0000000,0.0000000,0.000,0.000,0.986136,0.057839,-0.006823,-0.155384
939.460,0,0.000,20.852,0.000,0.000,0.124,0.0000000,0.0000000,0.000,0.000,0.983077,0.074774,-0.006601,-0.167109
939.960,0,0.000,20.854,0.000,0.000,0.140,0.0000000,0.0000000,0.000,0.000,0.980900,0.077198,-0.001320,-0.178533
940.460,0,0.000,20.854,0.000,0.000,0.185,0.0000000,0.0000000,0.000,0.000,0.980567,0.076355,-0.014149,-0.180160
940.960,0,0.000,20.861,0.000,0.000,0.148,0.0000000,0.0000000,0.000,0.000,0.980394,0.071424,-0.010192,-0.183362
941.460,0,0.000,20.854,0.000,0.000,0.177,0.0000000,0.0000000,0.000,0.000,0.979904,0.065434,-0.009330,-0.188200
941.960,0,0.000,20.854,0.000,0.000,0.116,0.0000000,0.0000000,0.000,0.000,0.978992,0.069597,-0.001458,-0.191649
942.460,0,0.000,20.872,0.000,0.000,0.096,0.0000000,0.0000000,0.000,0.000,0.978738,0.073174,0.003485,-0.191585
942.960,0,0.000,20.868,0.000,0.000,0.180,0.0000000,0.0000000,0.000,0.000,0.976944,0.075930,-0.012930,-0.199117
943.460,0,0.000,20.854,0.000,0.000,0.172,0.0000000,0.0000000,0.000,0.000,0.977393,0.074864,-0.005457,-0.197656
943.960,0,0.000,20.863,0.000,0.000,0.124,0.0000000,0.0000000,0.000,0.000,0.977329,0.065535,-0.010208,-0.201069
944.460,0,0.000,20.859,0.000,0.000,0.035,0.0000000,0.0000000,0.000,0.000,0.975141,0.069060,-0.005185,-0.210485
944.960,0,0.000,20.859,0.000,0.000,0.121,0.0000000,0.0000000,0.000,0.000,0.974252,0.071069,0.004043,-0.213929
945.460,0,0.000,20.863,0.000,0.000,0.112,0.0000000,0.0000000,0.000,0.000,0.973989,0.074471,0.006237,-0.213918
945.960,0,0.000,20.863,0.000,0.000,0.154,0.0000000,0.0000000,0.000,0.000,0.970990,0.075334,0.008481,-0.226787
946.460,0,0.000,20.863,0.000,0.000,0.050,0.0000000,0.0000000,0.000,0.000,0.971342,0.076200,0.005355,-0.225079
946.960,0,0.000,20.859,0.000,0.000,0.125,0.0000000,0.0000000,0.000,0.000,0.974450,0.065525,-0.002521,-0.214819
947.460,0,0.000,20.856,0.000,0.000,0.159,0.0000000,0.0000000,0.000,0.000,0.974700,0.063492,-0.002598,-0.214296
947.960,0,0.000,20.872,0.000,0.000,0.111,0.0000000,0.0000000,0.000,0.000,0.973522,0.070533,-0.002948,-0.217419
948.460,0,0.000,20.856,0.000,0.000,0.147,0.0000000,0.0000000,0.000,0.000,0.975285,0.071873,-0.005838,-0.208854
948.960,0,0.000,20.875,0.000,0.000,0.132,0.0000000,0.0000000,0.000,0.000,0.979074,0.065761,-0.004343,-0.192540
949.460,0,0.000,20.872,0.000,0.000,0.099,0.0000000,0.0000000,0.000,0.000,0.978496,0.067010,-0.012271,-0.194690
949.960,0,0.000,20.863,0.000,0.000,0.081,0.0000000,0.0000000,0.000,0.000,0.976545,0.063775,-0.024984,-0.204127
950.460,0,0.000,20.861,0.000,0.000,0.110,0.0000000,0.0000000,0.000,0.000,0.978955,0.060860,-0.021279,-0.193625
950.960,0,0.000,20.852,0.000,0.000,0.126,0.0000000,0.0000000,0.000,0.000,0.978011,0.062124,-0.020336,-0.198046
951.460,0,0.000,20.868,0.000,0.000,0.193,0.0000000,0.0000000,0.000,0.000,0.978353,0.059466,-0.035377,-0.195034
951.960,0,0.000,20.863,0.000,0.000,0.119,0.0000000,0.0000000,0.000,0.000,0.977772,0.052140,-0.047628,-0.197420
952.460,0,0.000,20.872,0.000,0.000,0.055,0.0000000,0.0000000,0.000,0.000,0.977496,0.054015,-0.044001,-0.199120
952.960,0,0.000,20.859,0.000,0.000,0.088,0.0000000,0.0000000,0.000,0.000,0.976251,0.058545,-0.020565,-0.207568
953.460,0,0.006,20.859,0.000,0.000,0.090,0.0000000,0.0000000,0.000,0.000,0.975174,0.061303,-0.021834,-0.211664
953.960,0,0.000,20.861,0.000,0.000,0.206,0.0000000,0.0000000,0.000,0.000,0.975135,0.058853,-0.014317,-0.213173
954.460,0,0.000,20.866,0.000,0.000,0.142,0.0000000,0.0000000,0.000,0.000,0.971733,0.068230,-0.010230,-0.225778
954.960,0,0.000,20.875,0.000,0.000,0.080,0.0000000,0.0000000,0.000,0.000,0.969619,0.074505,-0.008995,-0.232824
955.460,0,0.000,20.888,0.000,0.000,0.113,0.0000000,0.0000000,0.000,0.000,0.969061,0.080026,-0.015030,-0.233004
955.960,0,0.006,20.868,0.000,0.000,0.187,0.0000000,0.0000000,0.000,0.000,0.969176,0.083324,-0.016234,-0.231283
956.460,0,0.000,20.872,0.000,0.000,-0.020,0.0000000,0.0000000,0.000,0.000,0.971405,0.073956,-0.015870,-0.225058
956.960,0,0.000,20.861,0.000,0.000,0.101,0.0000000,0.0000000,0.000,0.000,0.971029,0.077314,-0.009840,-0.225896
957.460,0,0.000,20.859,0.000,0.000,0.175,0.0000000,0.0000000,0.000,0.000,0.973444,0.075004,-0.018488,-0.215497
957.960,0,0.000,20.863,0.000,0.000,0.116,0.0000000,0.0000000,0.000,0.000,0.974467,0.064034,-0.005759,-0.215127
958.460,0,0.000,20.863,0.000,0.000,0.169,0.0000000,0.0000000,0.000,0.000,0.971771,0.073676,-0.010451,-0.223882
958.960,0,0.000,20.859,0.000,0.000,0.183,0.0000000,0.0000000,0.000,0.000,0.973245,0.066135,-0.026820,-0.218406
959.460,0,0.000,20.875,0.000,0.000,0.149,0.0000000,0.0000000,0.000,0.000,0.972427,0.070161,-0.013397,-0.222000
959.960,0,0.000,20.854,0.000,0.000,0.178,0.0000000,0.0000000,0.000,0.000,0.971524,0.065856,-0.002216,-0.227596
960.460,0,0.000,20.861,0.000,0.000,0.149,0.0000000,0.0000000,0.000,0.000,0.971687,0.065744,-0.009073,-0.226760
960.960,0,0.000,20.861,0.000,0.000,0.141,0.0000000,0.0000000,0.000,0.000,0.973176,0.065805,-0.011235,-0.220164
961.465,0,0.000,20.866,0.000,0.000,0.111,0.0000000,0.0000000,0.000,0.000,0.976212,0.060088,-0.010234,-0.208074
961.969,0,0.000,20.861,0.000,0.000,0.185,0.0000000,0.0000000,0.000,0.000,0.977355,0.066611,-0.008684,-0.200663
962.474,0,0.006,20.852,0.000,0.000,0.167,0.0000000,0.0000000,0.000,0.000,0.977994,0.064883,-0.024112,-0.196816
962.974,0,0.000,20.861,0.000,0.000,0.137,0.0000000,0.0000000,0.000,0.000,0.979152,0.053878,-0.025273,-0.194215
963.474,0,0.000,20.881,0.000,0.000,0.084,0.0000000,0.0000000,0.000,0.000,0.978543,0.046256,-0.037551,-0.197239
963.974,0,0.000,20.884,0.000,0.000,0.133,0.0000000,0.0000000,0.000,0.000,0.976236,0.052089,-0.025795,-0.208768
964.474,0,0.000,20.872,0.000,0.000,0.158,0.0000000,0.0000000,0.000,0.000,0.974433,0.056669,-0.039584,-0.213778
964.974,0,0.000,20.854,0.000,0.000,0.135,0.0000000,0.0000000,0.000,0.000,0.975652,0.067606,-0.037257,-0.205289
965.474,0,0.000,20.875,0.000,0.000,0.066,0.0000000,0.0000000,0.000,0.000,0.975883,0.067429,-0.025428,-0.206058
965.974,0,0.000,20.859,0.000,0.000,0.194,0.0000000,0.0000000,0.000,0.000,0.975032,0.067265,-0.020126,-0.210673
966.474,0,0.000,20.859,0.000,0.000,0.086,0.0000000,0.0000000,0.000,0.000,0.977455,0.068368,-0.017742,-0.198978
966.974,0,0.006,20.868,0.000,0.000,0.140,0.0000000,0.0000000,0.000,0.000,0.978131,0.090153,-0.000905,-0.187434
967.474,0,0.000,20.868,0.000,0.000,0.133,0.0000000,0.0000000,0.000,0.000,0.975898,0.094980,-0.001345,-0.196468
967.974,0,0.000,20.863,0.000,0.000,0.137,0.0000000,0.0000000,0.000,0.000,0.977772,0.086394,-0.002602,-0.191024
968.474,0,0.000,20.872,0.000,0.000,0.130,0.0000000,0.0000000,0.000,0.000,0.978735,0.086308,-0.008542,-0.185891
968.974,0,0.000,20.859,0.000,0.000,0.118,0.0000000,0.0000000,0.000,0.000,0.979742,0.085154,-0.004890,-0.181191
969.474,0,0.000,20.868,0.000,0.000,0.157,0.0000000,0.0000000,0.000,0.000,0.980281,0.082207,-0.015689,-0.179011
969.974,0,0.000,20.850,0.000,0.000,0.048,0.0000000,0.0000000,0.000,0.000,0.978917,0.080271,-0.018593,-0.186900
970.474,0,0.000,20.868,0.000,0.000,0.129,0.0000000,0.0000000,0.000,0.000,0.980282,0.075816,-0.010508,-0.182177
970.974,0,0.000,20.856,0.000,0.000,0.131,0.0000000,0.0000000,0.000,0.000,0.979329,0.081806,-0.009623,-0.184743
971.474,0,0.000,20.866,0.000,0.000,0.160,0.0000000,0.0000000,0.000,0.000,0.979364,0.079473,0.000494,-0.185823
971.974,0,0.000,20.861,0.000,0.000,0.112,0.0000000,0.0000000,0.000,0.000,0.979297,0.079516,-0.015582,-0.185506
972.474,0,0.000,20.861,0.000,0.000,0.191,0.0000000,0.0000000,0.000,0.000,0.980881,0.072036,-0.030623,-0.178174
972.974,0,0.000,20.875,0.000,0.000,0.115,0.0000000,0.0000000,0.000,0.000,0.981435,0.074340,-0.030174,-0.174210
973.474,0,0.006,20.845,0.000,0.000,0.151,0.0000000,0.0000000,0.000,0.000,0.981338,0.073771,-0.021367,-0.176286
973.974,0,0.000,20.863,0.000,0.000,0.209,0.0000000,0.0000000,0.000,0.000,0.980271,0.069809,-0.009997,-0.184651
974.474,0,0.000,20.856,0.000,0.000,0.165,0.0000000,0.0000000,0.000,0.000,0.981027,0.061768,-0.018504,-0.182836
974.974,0,0.000,20.872,0.000,0.000,0.126,0.0000000,0.0000000,0.000,0.000,0.981901,0.056714,-0.020675,-0.179517
975.474,0,0.000,20.866,0.000,0.000,0.124,0.0000000,0.0000000,0.000,0.000,0.982044,0.054420,-0.028692,-0.178339
975.974,0,0.000,20.854,0.000,0.000,0.141,0.0000000,0.0000000,0.000,0.000,0.978870,0.061110,-0.021622,-0.193939
976.474,0,0.000,20.863,0.000,0.000,0.114,0.0000000,0.0000000,0.000,0.000,0.980536,0.055894,-0.029085,-0.185955
976.974,0,0.000,20.881,0.000,0.000,0.178,0.0000000,0.0000000,0.000,0.000,0.980317,0.062009,-0.020290,-0.186340
977.474,0,0.000,20.863,0.000,0.000,0.047,0.0000000,0.0000000,0.000,0.000,0.980269,0.062428,-0.029468,-0.185220
977.974,0,0.000,20.861,0.000,0.000,0.202,0.0000000,0.0000000,0.000,0.000,0.979342,0.066741,-0.030725,-0.188390
978.474,0,0.000,20.870,0.000,0.000,0.140,0.0000000,0.0000000,0.000,0.000,0.979829,0.060573,-0.030973,-0.187899
978.974,0,0.000,20.859,0.000,0.000,0.131,0.0000000,0.0000000,0.000,0.000,0.979850,0.060031,-0.045710,-0.184937
979.474,0,0.000,20.866,0.000,0.000,0.172,0.0000000,0.0000000,0.000,0.000,0.981168,0.064399,-0.022118,-0.180756
979.974,0,0.000,20.845,0.000,0.000,0.060,0.0000000,0.0000000,0.000,0.000,0.987868,0.026315,-0.016102,-0.152200
980.474,0,0.000,20.861,0.000,0.000,-2.293,0.0000000,0.0000000,0.000,0.000,0.981117,-0.029453,0.133141,-0.137169
980.974,0,0.000,20.850,0.000,0.000,-0.014,0.0000000,0.0000000,0.000,0.000,0.935597,-0.022864,-0.028257,-0.351193
981.474,0,0.000,20.861,0.000,0.000,0.120,0.0000000,0.0000000,0.000,0.000,0.876214,-0.004040,-0.007783,-0.481842
981.974,0,0.000,20.875,0.000,0.000,0.260,0.0000000,0.0000000,0.000,0.000,0.871628,0.019695,-0.045188,-0.487683
982.474,0,0.000,20.872,0.000,0.000,-2.853,0.0000000,0.0000000,0.000,0.000,0.899718,0.011643,-0.029034,-0.435350
982.974,0,0.006,20.872,0.000,0.000,0.098,0.0000000,0.0000000,0.000,0.000,0.894423,0.049593,-0.035933,-0.443008
983.474,0,0.000,20.875,0.000,0.000,0.063,0.0000000,0.0000000,0.000,0.000,0.891157,0.040059,-0.047292,-0.449442
983.974,0,0.000,20.845,0.000,0.000,0.143,0.0000000,0.0000000,0.000,0.000,0.890080,0.042463,-0.044340,-0.451652
984.474,0,0.000,20.845,0.000,0.000,0.247,0.0000000,0.0000000,0.000,0.000,0.892672,0.043428,-0.039431,-0.446874
984.974,0,0.000,20.870,0.000,0.000,0.139,0.0000000,0.0000000,0.000,0.000,0.887431,0.054646,-0.036368,-0.456242
985.474,0,0.000,20.861,0.000,0.000,0.077,0.0000000,0.0000000,0.000,0.000,0.884546,0.061303,-0.030446,-0.461404
985.974,0,0.000,20.872,0.000,0.000,0.144,0.0000000,0.0000000,0.000,0.000,0.882667,0.070456,-0.025442,-0.463991
986.474,0,0.000,20.850,0.000,0.000,0.128,0.0000000,0.0000000,0.000,0.000,0.880461,0.083724,-0.026230,-0.465930
986.974,0,0.000,20.884,0.000,0.000,0.129,0.0000000,0.0000000,0.000,0.000,0.881394,0.074469,-0.030630,-0.465467
987.474,0,0.000,20.847,0.000,0.000,0.082,0.0000000,0.0000000,0.000,0.000,0.884099,0.067188,-0.033272,-0.461247
987.974,0,0.000,20.875,0.000,0.000,0.026,0.0000000,0.0000000,0.000,0.000,0.892595,0.068382,-0.034677,-0.444293
988.474,0,0.000,20.863,0.000,0.000,0.096,0.0000000,0.0000000,0.000,0.000,0.894228,0.068368,-0.034217,-0.441034
988.974,0,0.000,20.881,0.000,0.000,0.121,0.0000000,0.0000000,0.000,0.000,0.894313,0.054058,-0.042317,-0.442144
989.474,0,0.000,20.856,0.000,0.000,0.101,0.0000000,0.0000000,0.000,0.000,0.889315,0.066566,-0.028027,-0.451555
989.974,0,0.000,20.854,0.000,0.000,0.161,0.0000000,0.0000000,0.000,0.000,0.888212,0.052189,-0.026971,-0.455663
990.474,0,0.000,20.891,0.000,0.000,0.133,0.0000000,0.0000000,0.000,0.000,0.888401,0.044031,-0.039377,-0.455252
990.974,0,0.000,20.856,0.000,0.000,0.167,0.0000000,0.0000000,0.000,0.000,0.889730,0.038624,-0.043148,-0.452798
991.474,0,0.000,20.866,0.000,0.000,0.108,0.0000000,0.0000000,0.000,0.000,0.884046,0.057435,-0.035292,-0.462513
991.974,0,0.000,20.875,0.000,0.000,0.136,0.0000000,0.0000000,0.000,0.000,0.881921,0.059022,-0.037923,-0.466147
992.474,0,0.000,20.875,0.000,0.000,0.169,0.0000000,0.0000000,0.000,0.000,0.881707,0.074870,-0.035654,-0.464452
992.974,0,0.000,20.870,0.000,0.000,0.175,0.0000000,0.0000000,0.000,0.000,0.885017,0.070080,-0.037964,-0.458685
993.474,0,0.000,20.870,0.000,0.000,0.087,0.0000000,0.0000000,0.000,0.000,0.882122,0.073867,-0.028836,-0.464298
993.974,0,0.000,20.877,0.000,0.000,0.070,0.0000000,0.0000000,0.000,0.000,0.887243,0.074055,-0.031249,-0.454245
994.474,0,0.000,20.866,0.000,0.000,0.186,0.0000000,0.0000000,0.000,0.000,0.880907,0.074826,-0.031689,-0.466262
994.974,0,0.000,20.891,0.000,0.000,0.132,0.0000000,0.0000000,0.000,0.000,0.877118,0.066293,-0.043924,-0.473645
995.474,0,0.000,20.866,0.000,0.000,0.120,0.0000000,0.0000000,0.000,0.000,0.879827,0.051293,-0.039073,-0.470900
995.974,0,0.000,20.854,0.000,0.000,0.111,0.0000000,0.0000000,0.000,0.000,0.876659,0.048686,-0.040314,-0.476941
996.474,0,0.000,20.866,0.000,0.000,0.123,0.0000000,0.0000000,0.000,0.000,0.872258,0.051628,-0.039665,-0.484693
996.974,0,0.000,20.854,0.000,0.000,0.131,0.0000000,0.0000000,0.000,0.000,0.869180,0.052530,-0.048078,-0.489341
997.474,0,0.000,20.866,0.000,0.000,0.168,0.0000000,0.0000000,0.000,0.000,0.866946,0.048323,-0.051392,-0.493385
997.974,0,0.006,20.872,0.000,0.000,0.052,0.0000000,0.0000000,0.000,0.000,0.862968,0.055486,-0.037401,-0.500807
998.474,0,0.000,20.870,0.000,0.000,0.108,0.0000000,0.0000000,0.000,0.000,0.861326,0.055838,-0.050541,-0.502439
998.974,0,0.000,20.854,0.000,0.000,0.123,0.0000000,0.0000000,0.000,0.000,0.863511,0.045398,-0.047901,-0.499994
999.474,0,0.000,20.863,0.000,0.000,0.119,0.0000000,0.0000000,0.000,0.000,0.862936,0.049616,-0.044201,-0.500926
999.974,0,0.000,20.850,0.000,0.000,0.105,0.0000000,0.0000000,0.000,0.000,0.858701,0.057353,-0.045171,-0.507250
1000.474,0,0.000,20.863,0.000,0.000,0.117,0.0000000,0.0000000,0.000,0.000,0.858597,0.061272,-0.045120,-0.506973
1000.974,0,0.000,20.843,0.000,0.000,0.122,0.0000000,0.0000000,0.000,0.000,0.858708,0.056182,-0.040533,-0.507761
1001.474,0,0.000,20.884,0.000,0.000,0.191,0.0000000,0.0000000,0.000,0.000,0.847339,0.054706,-0.059496,-0.524866
1001.974,0,0.000,20.845,0.000,0.000,0.094,0.0000000,0.0000000,0.000,0.000,0.844890,0.058649,-0.056126,-0.528745
1002.474,0,0.000,20.861,0.000,0.000,0.189,0.0000000,0.0000000,0.000,0.000,0.845124,0.067616,-0.050712,-0.527847
1002.974,0,0.000,20.866,0.000,0.000,0.115,0.0000000,0.0000000,0.000,0.000,0.845648,0.059797,-0.056183,-0.527397
1003.474,0,0.000,20.845,0.000,0.000,0.191,0.0000000,0.0000000,0.000,0.000,0.850387,0.058411,-0.044521,-0.521007
1003.974,0,0.000,20.861,0.000,0.000,0.190,0.0000000,0.0000000,0.000,0.000,0.848530,0.072296,-0.031589,-0.523233
1004.474,0,0.000,20.868,0.000,0.000,0.064,0.0000000,0.0000000,0.000,0.000,0.847891,0.073752,-0.016168,-0.524766
1004.974,0,0.000,20.840,0.000,0.000,0.099,0.0000000,0.0000000,0.000,0.000,0.845866,0.064637,-0.019749,-0.529095
1005.474,0,0.000,20.866,0.000,0.000,0.108,0.0000000,0.0000000,0.000,0.000,0.847657,0.061169,-0.029348,-0.526189
1005.974,0,0.000,20.861,0.000,0.000,0.032,0.0000000,0.0000000,0.000,0.000,0.846988,0.065245,-0.035594,-0.526391
1006.474,0,0.000,20.870,0.000,0.000,0.146,0.0000000,0.0000000,0.000,0.000,0.842944,0.066530,-0.049046,-0.531614
1006.974,0,0.006,20.861,0.000,0.000,0.012,0.0000000,0.0000000,0.000,0.000,0.843987,0.069006,-0.042077,-0.530240
1007.474,0,0.000,20.879,0.000,0.000,0.222,0.0000000,0.0000000,0.000,0.000,0.845851,0.060896,-0.035441,-0.528745
1007.974,0,0.000,20.859,0.000,0.000,0.115,0.0000000,0.0000000,0.000,0.000,0.847622,0.058157,-0.042651,-0.525676
1008.474,0,0.000,20.856,0.000,0.000,0.063,0.0000000,0.0000000,0.000,0.000,0.844104,0.064352,-0.033942,-0.531221
1008.974,0,0.000,20.872,0.000,0.000,0.161,0.0000000,0.0000000,0.000,0.000,0.838771,0.054514,-0.036737,-0.540501
1009.474,0,0.000,20.863,0.000,0.000,0.238,0.0000000,0.0000000,0.000,0.000,0.839471,0.047437,-0.045727,-0.539396
1009.974,0,0.000,20.856,0.000,0.000,0.039,0.0000000,0.0000000,0.000,0.000,0.836672,0.058674,-0.043837,-0.542786
1010.474,0,0.006,20.843,0.000,0.000,0.080,0.0000000,0.0000000,0.000,0.000,0.835830,0.057617,-0.035584,-0.544796
1010.974,0,0.000,20.866,0.000,0.000,0.156,0.0000000,0.0000000,0.000,0.000,0.831892,0.041302,-0.038717,-0.552043
1011.474,0,0.000,20.856,0.000,0.000,0.075,0.0000000,0.0000000,0.000,0.000,0.835959,0.048465,-0.036875,-0.545402
1011.974,0,0.000,20.868,0.000,0.000,0.123,0.0000000,0.0000000,0.000,0.000,0.837125,0.052727,-0.038395,-0.543109
1012.479,0,0.000,20.859,0.000,0.000,0.172,0.0000000,0.0000000,0.000,0.000,0.830351,0.082363,-0.037724,-0.549828
1012.979,0,0.000,20.870,0.000,0.000,0.137,0.0000000,0.0000000,0.000,0.000,0.828181,0.072657,-0.037874,-0.554439
1013.484,0,0.000,20.852,0.000,0.000,0.112,0.0000000,0.0000000,0.000,0.000,0.828781,0.074681,-0.039361,-0.553169
1013.984,0,0.000,20.847,0.000,0.000,0.121,0.0000000,0.0000000,0.000,0.000,0.831233,0.067089,-0.040697,-0.550359
1014.484,0,0.000,20.884,0.000,0.000,0.126,0.0000000,0.0000000,0.000,0.000,0.830433,0.068341,-0.041814,-0.551327
1014.984,0,0.000,20.856,0.000,0.000,0.157,0.0000000,0.0000000,0.000,0.000,0.826359,0.070542,-0.044126,-0.556963
1015.484,0,0.000,20.866,0.000,0.000,0.125,0.0000000,0.0000000,0.000,0.000,0.832109,0.067653,-0.035091,-0.549351
1015.984,0,0.000,20.897,0.000,0.000,0.130,0.0000000,0.0000000,0.000,0.000,0.830831,0.066579,-0.047098,-0.550517
1016.484,0,0.000,20.847,0.000,0.000,0.193,0.0000000,0.0000000,0.000,0.000,0.830638,0.067239,-0.039077,-0.551355
1016.984,0,0.000,20.866,0.000,0.000,0.099,0.0000000,0.0000000,0.000,0.000,0.833977,0.061414,-0.043600,-0.546635
1017.484,0,0.000,20.866,0.000,0.000,0.146,0.0000000,0.0000000,0.000,0.000,0.830901,0.071127,-0.035154,-0.550734
1017.984,0,0.000,20.863,0.000,0.000,0.193,0.0000000,0.0000000,0.000,0.000,0.826212,0.069578,-0.038461,-0.557721
1018.484,0,0.000,20.861,0.000,0.000,0.125,0.0000000,0.0000000,0.000,0.000,0.823318,0.081457,-0.037549,-0.560448
1018.984,0,0.000,20.861,0.000,0.000,0.083,0.0000000,0.0000000,0.000,0.000,0.830829,0.077325,-0.035201,-0.550004
1019.484,0,0.000,20.866,0.000,0.000,0.125,0.0000000,0.0000000,0.000,0.000,0.826952,0.075484,-0.034264,-0.556129
1019.984,0,0.000,20.845,0.000,0.000,0.108,0.0000000,0.0000000,0.000,0.000,0.833357,0.065855,-0.035573,-0.547644
1020.484,0,0.000,20.845,0.000,0.000,0.123,0.0000000,0.0000000,0.000,0.000,0.831106,0.082498,-0.040988,-0.548432
1020.984,0,0.000,20.877,0.000,0.000,0.141,0.0000000,0.0000000,0.000,0.000,0.832125,0.077754,-0.037403,-0.547835
1021.484,0,0.000,20.856,0.000,0.000,0.132,0.0000000,0.0000000,0.000,0.000,0.831561,0.068783,-0.028272,-0.550433
1021.984,0,0.000,20.852,0.000,0.000,0.052,0.0000000,0.0000000,0.000,0.000,0.838694,0.057373,-0.031792,-0.540638
1022.484,0,0.000,20.870,0.000,0.000,0.188,0.0000000,0.0000000,0.000,0.000,0.838728,0.058702,-0.036893,-0.540119
1022.984,0,0.000,20.870,0.000,0.000,0.059,0.0000000,0.0000000,0.000,0.000,0.843171,0.044640,-0.040843,-0.534230
1023.484,0,0.000,20.863,0.000,0.000,0.143,0.0000000,0.0000000,0.000,0.000,0.845739,0.056778,-0.049320,-0.528270
1023.984,0,0.000,20.866,0.000,0.000,0.113,0.0000000,0.0000000,0.000,0.000,0.850902,0.054271,-0.051286,-0.519991
1024.484,0,0.006,20.868,0.000,0.000,0.118,0.0000000,0.0000000,0.000,0.000,0.851215,0.059613,-0.061944,-0.517727
1024.984,0,0.000,20.856,0.000,0.000,0.130,0.0000000,0.0000000,0.000,0.000,0.852576,0.066369,-0.051740,-0.515783
1025.484,0,0.000,20.859,0.000,0.000,0.124,0.0000000,0.0000000,0.000,0.000,0.854853,0.063354,-0.052690,-0.512285
1025.984,0,0.000,20.859,0.000,0.000,0.151,0.0000000,0.0000000,0.000,0.000,0.854006,0.067709,-0.049533,-0.513455
1026.484,0,0.000,20.861,0.000,0.000,0.193,0.0000000,0.0000000,0.000,0.000,0.860185,0.058827,-0.058585,-0.503178
1026.984,0,0.000,20.861,0.000,0.000,0.180,0.0000000,0.0000000,0.000,0.000,0.857643,0.057246,-0.058918,-0.507641
1027.484,0,0.006,20.870,0.000,0.000,0.175,0.0000000,0.0000000,0.000,0.000,0.857511,0.056246,-0.051371,-0.508795
1027.984,0,0.000,20.881,0.000,0.000,0.170,0.0000000,0.0000000,0.000,0.000,0.854723,0.061687,-0.041079,-0.513766
1028.484,0,0.000,20.847,0.000,0.000,0.107,0.0000000,0.0000000,0.000,0.000,0.853336,0.058771,-0.032033,-0.517047
1028.984,0,0.000,20.861,0.000,0.000,0.144,0.0000000,0.0000000,0.000,0.000,0.850161,0.059287,-0.030226,-0.522301
1029.484,0,0.000,20.868,0.000,0.000,0.195,0.0000000,0.0000000,0.000,0.000,0.851054,0.054659,-0.031370,-0.521283
1029.984,0,0.000,20.861,0.000,0.000,0.073,0.0000000,0.0000000,0.000,0.000,0.845703,0.060848,-0.030930,-0.529271
1030.484,0,0.000,20.850,0.000,0.000,0.084,0.0000000,0.0000000,0.000,0.000,0.843200,0.054356,-0.040611,-0.533300
1030.984,0,0.000,20.872,0.000,0.000,0.143,0.0000000,0.0000000,0.000,0.000,0.844734,0.063031,-0.033961,-0.530376
1031.484,0,0.000,20.866,0.000,0.000,0.076,0.0000000,0.0000000,0.000,0.000,0.847311,0.052601,-0.032382,-0.527492
1031.984,0,0.000,20.879,0.000,0.000,0.057,0.0000000,0.0000000,0.000,0.000,0.853179,0.056767,-0.028656,-0.517727
1032.484,0,0.006,20.859,0.000,0.000,0.089,0.0000000,0.0000000,0.000,0.000,0.858330,0.061366,-0.030163,-0.508521
1032.984,0,0.000,20.870,0.000,0.000,0.091,0.0000000,0.0000000,0.000,0.000,0.859756,0.053840,-0.044291,-0.505925
1033.486,0,0.000,20.877,0.000,0.000,0.130,0.0000000,0.0000000,0.000,0.000,0.857234,0.044172,-0.046026,-0.510960
1033.986,0,0.000,20.868,0.000,0.000,0.078,0.0000000,0.0000000,0.000,0.000,0.857067,0.034762,-0.035342,-0.512815
1034.486,0,0.000,20.856,0.000,0.000,0.080,0.0000000,0.0000000,0.000,0.000,0.859212,0.049699,-0.037892,-0.507789
1034.986,0,0.000,20.866,0.000,0.000,0.119,0.0000000,0.0000000,0.000,0.000,0.861078,0.058288,-0.041540,-0.503410
1035.486,0,0.000,20.875,0.000,0.000,0.103,0.0000000,0.0000000,0.000,0.000,0.861027,0.057201,-0.027347,-0.504591
1035.986,0,0.000,20.852,0.000,0.000,0.081,0.0000000,0.0000000,0.000,0.000,0.866296,0.057444,-0.032011,-0.495184
1036.486,0,0.000,20.861,0.000,0.000,0.121,0.0000000,0.0000000,0.000,0.000,0.872966,0.060761,-0.030329,-0.483031
1036.986,0,0.000,20.861,0.000,0.000,0.048,0.0000000,0.0000000,0.000,0.000,0.873018,0.047948,-0.035029,-0.484060
1037.486,0,0.000,20.852,0.000,0.000,0.126,0.0000000,0.0000000,0.000,0.000,0.868584,0.058038,-0.040744,-0.490442
1037.986,0,0.000,20.861,0.000,0.000,0.168,0.0000000,0.0000000,0.000,0.000,0.867105,0.055774,-0.052887,-0.492159
1038.486,0,0.000,20.859,0.000,0.000,0.083,0.0000000,0.0000000,0.000,0.000,0.864268,0.064490,-0.056644,-0.495654
1038.986,0,0.000,20.850,0.000,0.000,0.127,0.0000000,0.0000000,0.000,0.000,0.862405,0.064537,-0.054970,-0.499070
1039.486,0,0.000,20.856,0.000,0.000,0.116,0.0000000,0.0000000,0.000,0.000,0.859249,0.068528,-0.048407,-0.504631
1039.986,0,0.000,20.861,0.000,0.000,0.096,0.0000000,0.0000000,0.000,0.000,0.860555,0.077186,-0.034390,-0.502300
1040.486,0,0.000,20.863,0.000,0.000,0.090,0.0000000,0.0000000,0.000,0.000,0.858542,0.080373,-0.041215,-0.504724
1040.986,0,0.000,20.861,0.000,0.000,0.062,0.0000000,0.0000000,0.000,0.000,0.865114,0.078220,-0.038949,-0.493905
1041.486,0,0.000,20.854,0.000,0.000,0.045,0.0000000,0.0000000,0.000,0.000,0.868397,0.062848,-0.034419,-0.490665
1041.986,0,0.000,20.870,0.000,0.000,0.108,0.0000000,0.0000000,0.000,0.000,0.870662,0.042503,-0.049264,-0.487559
1042.486,0,0.000,20.852,0.000,0.000,0.110,0.0000000,0.0000000,0.000,0.000,0.871703,0.049775,-0.040199,-0.485840
1042.986,0,0.000,20.856,0.000,0.000,0.171,0.0000000,0.0000000,0.000,0.000,0.868776,0.069875,-0.036228,-0.488910
1043.486,0,0.000,20.875,0.000,0.000,0.167,0.0000000,0.0000000,0.000,0.000,0.869968,0.072668,-0.031105,-0.486731
1043.986,0,0.000,20.866,0.000,0.000,0.130,0.0000000,0.0000000,0.000,0.000,0.869061,0.066480,-0.039153,-0.488652
1044.486,0,0.000,20.877,0.000,0.000,0.231,0.0000000,0.0000000,0.000,0.000,0.868437,0.068761,-0.056469,-0.487751
1044.986,0,0.000,20.838,0.000,0.000,0.132,0.0000000,0.0000000,0.000,0.000,0.871681,0.056708,-0.064674,-0.482467
1045.486,0,0.006,20.875,0.000,0.000,0.135,0.0000000,0.0000000,0.000,0.000,0.872028,0.052180,-0.065069,-0.482298
1045.986,0,0.000,20.856,0.000,0.000,0.125,0.0000000,0.0000000,0.000,0.000,0.868064,0.059636,-0.054785,-0.489803
1046.486,0,0.000,20.854,0.000,0.000,0.242,0.0000000,0.0000000,0.000,0.000,0.864909,0.058379,-0.057560,-0.495189
1046.986,0,0.000,20.879,0.000,0.000,0.085,0.0000000,0.0000000,0.000,0.000,0.869015,0.066010,-0.039812,-0.488744
1047.486,0,0.000,20.875,0.000,0.000,0.124,0.0000000,0.0000000,0.000,0.000,0.862496,0.061894,-0.050112,-0.499759
1047.986,0,0.000,20.863,0.000,0.000,0.200,0.0000000,0.0000000,0.000,0.000,0.864122,0.065729,-0.043254,-0.497094
1048.486,0,0.000,20.872,0.000,0.000,0.128,0.0000000,0.0000000,0.000,0.000,0.863862,0.072064,-0.023307,-0.498002
1048.986,0,0.000,20.863,0.000,0.000,0.209,0.0000000,0.0000000,0.000,0.000,0.870997,0.064470,-0.031546,-0.486018
1049.486,0,0.000,20.872,0.000,0.000,0.228,0.0000000,0.0000000,0.000,0.000,0.873292,0.063028,-0.033747,-0.481923
1049.986,0,0.000,20.854,0.000,0.000,0.092,0.0000000,0.0000000,0.000,0.000,0.871251,0.047467,-0.034177,-0.487341
1050.486,0,0.000,20.861,0.000,0.000,0.181,0.0000000,0.0000000,0.000,0.000,0.867694,0.053145,-0.029055,-0.493394
1050.986,0,0.000,20.863,0.000,0.000,0.097,0.0000000,0.0000000,0.000,0.000,0.870972,0.052311,-0.036291,-0.487190
1051.486,0,0.000,20.877,0.000,0.000,0.134,0.0000000,0.0000000,0.000,0.000,0.874074,0.055102,-0.037129,-0.481228
1051.986,0,0.000,20.859,0.000,0.000,0.144,0.0000000,0.0000000,0.000,0.000,0.871581,0.069856,-0.031836,-0.484203
1052.486,0,0.000,20.879,0.000,0.000,0.137,0.0000000,0.0000000,0.000,0.000,0.877655,0.058122,-0.030226,-0.474795
1052.986,0,0.000,20.872,0.000,0.000,0.129,0.0000000,0.0000000,0.000,0.000,0.883825,0.059344,-0.033495,-0.462829
1053.486,0,0.000,20.881,0.000,0.000,0.065,0.0000000,0.0000000,0.000,0.000,0.888727,0.052514,-0.040774,-0.453591
1053.986,0,0.000,20.854,0.000,0.000,0.020,0.0000000,0.0000000,0.000,0.000,0.889989,0.053311,-0.043126,-0.450797
1054.486,0,0.000,20.847,0.000,0.000,0.115,0.0000000,0.0000000,0.000,0.000,0.895116,0.060000,-0.027055,-0.440948
1054.986,0,0.000,20.840,0.000,0.000,0.216,0.0000000,0.0000000,0.000,0.000,0.897705,0.073551,-0.032067,-0.433230
1055.486,0,0.000,20.861,0.000,0.000,0.164,0.0000000,0.0000000,0.000,0.000,0.899522,0.067726,-0.041156,-0.429627
1055.986,0,0.000,20.856,0.000,0.000,0.098,0.0000000,0.0000000,0.000,0.000,0.899332,0.066590,-0.048651,-0.429418
1056.486,0,0.000,20.863,0.000,0.000,0.297,0.0000000,0.0000000,0.000,0.000,0.895044,0.072615,-0.044029,-0.437818
1056.986,0,0.000,20.868,0.000,0.000,0.120,0.0000000,0.0000000,0.000,0.000,0.894488,0.061078,-0.049332,-0.440143
1057.486,0,0.000,20.866,0.000,0.000,0.161,0.0000000,0.0000000,0.000,0.000,0.892438,0.059318,-0.043230,-0.445160
1057.986,0,0.000,20.879,0.000,0.000,0.155,0.0000000,0.0000000,0.000,0.000,0.892826,0.055838,-0.048636,-0.444273
1058.486,0,0.000,20.868,0.000,0.000,0.145,0.0000000,0.0000000,0.000,0.000,0.892592,0.045575,-0.042809,-0.446509
1058.986,0,0.000,20.884,0.000,0.000,0.083,0.0000000,0.0000000,0.000,0.000,0.897608,0.056361,-0.039274,-0.435408
1059.486,0,0.000,20.852,0.000,0.000,0.192,0.0000000,0.0000000,0.000,0.000,0.902219,0.046312,-0.044876,-0.426429
1059.986,0,0.000,20.859,0.000,0.000,0.191,0.0000000,0.0000000,0.000,0.000,0.904228,0.060443,-0.030954,-0.421615
1060.486,0,0.006,20.868,0.000,0.000,0.125,0.0000000,0.0000000,0.000,0.000,0.898121,0.052156,-0.044976,-0.434323
1060.986,0,0.000,20.850,0.000,0.000,0.113,0.0000000,0.0000000,0.000,0.000,0.894345,0.052784,-0.050152,-0.441412
1061.486,0,0.000,20.845,0.000,0.000,0.135,0.0000000,0.0000000,0.000,0.000,0.895615,0.049605,-0.042386,-0.440018
1061.986,0,0.000,20.879,0.000,0.000,0.183,0.0000000,0.0000000,0.000,0.000,0.892021,0.067424,-0.031253,-0.445842
1062.486,0,0.000,20.870,0.000,0.000,0.147,0.0000000,0.0000000,0.000,0.000,0.888722,0.069616,-0.036213,-0.451681
1062.986,0,0.000,20.852,0.000,0.000,0.163,0.0000000,0.0000000,0.000,0.000,0.889610,0.072411,-0.041782,-0.449004
1063.486,0,0.000,20.840,0.000,0.000,0.201,0.0000000,0.0000000,0.000,0.000,0.888400,0.074978,-0.032795,-0.451717
1063.986,0,0.000,20.868,0.000,0.000,0.077,0.0000000,0.0000000,0.000,0.000,0.892210,0.068249,-0.039493,-0.444684
1064.486,0,0.000,20.856,0.000,0.000,0.122,0.0000000,0.0000000,0.000,0.000,0.892380,0.071307,-0.027974,-0.444737
1064.986,0,0.000,20.854,0.000,0.000,0.093,0.0000000,0.0000000,0.000,0.000,0.901168,0.053677,-0.029352,-0.429131
1065.486,0,0.000,20.852,0.000,0.000,0.043,0.0000000,0.0000000,0.000,0.000,0.899496,0.050778,-0.028555,-0.433028
1065.986,0,0.000,20.863,0.000,0.000,0.162,0.0000000,0.0000000,0.000,0.000,0.899628,0.060886,-0.025374,-0.431647
1066.486,0,0.000,20.834,0.000,0.000,0.162,0.0000000,0.0000000,0.000,0.000,0.901753,0.056679,-0.024479,-0.427819
1066.986,0,0.000,20.875,0.000,0.000,0.061,0.0000000,0.0000000,0.000,0.000,0.903092,0.055531,-0.033655,-0.424510
1067.486,0,0.000,20.863,0.000,0.000,0.198,0.0000000,0.0000000,0.000,0.000,0.900618,0.061288,-0.041478,-0.428264
1067.986,0,0.000,20.863,0.000,0.000,-0.033,0.0000000,0.0000000,0.000,0.000,0.906109,0.060852,-0.031729,-0.417441
1068.486,0,0.000,20.843,0.000,0.000,0.069,0.0000000,0.0000000,0.000,0.000,0.908360,0.059597,-0.039435,-0.412039
1068.986,0,0.000,20.861,0.000,0.000,0.181,0.0000000,0.0000000,0.000,0.000,0.903807,0.052747,-0.050258,-0.421692
1069.486,0,0.000,20.861,0.000,0.000,0.161,0.0000000,0.0000000,0.000,0.000,0.900990,0.064168,-0.034535,-0.427677
1069.986,0,0.000,20.856,0.000,0.000,0.201,0.0000000,0.0000000,0.000,0.000,0.901999,0.051052,-0.033726,-0.427381
1070.486,0,0.000,20.866,0.000,0.000,0.160,0.0000000,0.0000000,0.000,0.000,0.899797,0.062359,-0.038268,-0.430130
1070.986,0,0.000,20.852,0.000,0.000,0.105,0.0000000,0.0000000,0.000,0.000,0.898649,0.051172,-0.038710,-0.433950
1071.486,0,0.000,20.852,0.000,0.000,0.061,0.0000000,0.0000000,0.000,0.000,0.897209,0.061193,-0.028436,-0.436420
1071.986,0,0.000,20.843,0.000,0.000,0.183,0.0000000,0.0000000,0.000,0.000,0.897664,0.060536,-0.044629,-0.434214
1072.486,0,0.000,20.854,0.000,0.000,0.103,0.0000000,0.0000000,0.000,0.000,0.895924,0.075197,-0.033048,-0.436547
1072.986,0,0.000,20.852,0.000,0.000,0.126,0.0000000,0.0000000,0.000,0.000,0.891319,0.078104,-0.040202,-0.444785
1073.486,0,0.000,20.852,0.000,0.000,0.167,0.0000000,0.0000000,0.000,0.000,0.887999,0.077156,-0.040287,-0.451533
1073.986,0,0.000,20.866,0.000,0.000,0.100,0.0000000,0.0000000,0.000,0.000,0.885402,0.076619,-0.047711,-0.455979
1074.486,0,0.000,20.884,0.000,0.000,0.116,0.0000000,0.0000000,0.000,0.000,0.886014,0.054052,-0.055558,-0.457134
1074.986,0,0.000,20.863,0.000,0.000,0.070,0.0000000,0.0000000,0.000,0.000,0.885931,0.048653,-0.062354,-0.457025
1075.486,0,0.000,20.870,0.000,0.000,0.148,0.0000000,0.0000000,0.000,0.000,0.891240,0.040197,-0.051168,-0.448839
1075.986,0,0.000,20.866,0.000,0.000,0.072,0.0000000,0.0000000,0.000,0.000,0.888455,0.049900,-0.045714,-0.453947
1076.486,0,0.000,20.870,0.000,0.000,0.050,0.0000000,0.0000000,0.000,0.000,0.890606,0.041777,-0.054465,-0.449565
1076.986,0,0.000,20.863,0.000,0.000,0.134,0.0000000,0.0000000,0.000,0.000,0.896393,0.040985,-0.050623,-0.438449
1077.486,0,0.000,20.861,0.000,0.000,0.156,0.0000000,0.0000000,0.000,0.000,0.896832,0.052314,-0.041656,-0.437287
1077.986,0,0.000,20.861,0.000,0.000,0.194,0.0000000,0.0000000,0.000,0.000,0.896059,0.057214,-0.037866,-0.438602
1078.486,0,0.000,20.863,0.000,0.000,0.101,0.0000000,0.0000000,0.000,0.000,0.900537,0.053334,-0.024517,-0.430799
1078.986,0,0.000,20.852,0.000,0.000,0.147,0.0000000,0.0000000,0.000,0.000,0.897695,0.053874,-0.034156,-0.435975
1079.486,0,0.000,20.870,0.000,0.000,0.161,0.0000000,0.0000000,0.000,0.000,0.891195,0.053453,-0.029514,-0.449492
1079.986,0,0.000,20.879,0.000,0.000,0.048,0.0000000,0.0000000,0.000,0.000,0.890637,0.054699,-0.036728,-0.449916
1080.486,0,0.000,20.872,0.000,0.000,0.143,0.0000000,0.0000000,0.000,0.000,0.890944,0.050609,-0.032417,-0.450118
1080.986,0,0.000,20.866,0.000,0.000,0.108,0.0000000,0.0000000,0.000,0.000,0.889246,0.051842,-0.027753,-0.453633
1081.486,0,0.000,20.856,0.000,0.000,0.134,0.0000000,0.0000000,0.000,0.000,0.889726,0.047246,-0.035058,-0.452688
1081.986,0,0.000,20.845,0.000,0.000,0.206,0.0000000,0.0000000,0.000,0.000,0.892293,0.045731,-0.048056,-0.446556
1082.486,0,0.000,20.854,0.000,0.000,0.045,0.0000000,0.0000000,0.000,0.000,0.885321,0.071610,-0.041900,-0.457519
1082.986,0,0.000,20.856,0.000,0.000,0.168,0.0000000,0.0000000,0.000,0.000,0.881830,0.068548,-0.049302,-0.463946
1083.486,0,0.000,20.863,0.000,0.000,0.156,0.0000000,0.0000000,0.000,0.000,0.883709,0.062015,-0.044200,-0.461800
1083.986,0,0.000,20.875,0.000,0.000,0.129,0.0000000,0.0000000,0.000,0.000,0.879049,0.057256,-0.046314,-0.471008
1084.486,0,0.000,20.859,0.000,0.000,0.185,0.0000000,0.0000000,0.000,0.000,0.881753,0.060634,-0.047552,-0.465376
1084.986,0,0.000,20.870,0.000,0.000,0.066,0.0000000,0.0000000,0.000,0.000,0.885110,0.047406,-0.060249,-0.459025
1085.486,0,0.000,20.854,0.000,0.000,0.078,0.0000000,0.0000000,0.000,0.000,0.885799,0.040978,-0.051204,-0.459411
1085.986,0,0.000,20.843,0.000,0.000,0.040,0.0000000,0.0000000,0.000,0.000,0.886036,0.035819,-0.070906,-0.456760
1086.486,0,0.000,20.868,0.000,0.000,0.087,0.0000000,0.0000000,0.000,0.000,0.885667,0.050185,-0.064982,-0.457005
1086.986,0,0.000,20.856,0.000,0.000,0.125,0.0000000,0.0000000,0.000,0.000,0.886233,0.036754,-0.054703,-0.458528
1087.486,0,0.000,20.879,0.000,0.000,0.155,0.0000000,0.0000000,0.000,0.000,0.882407,0.050521,-0.044078,-0.465685
1087.986,0,0.000,20.879,0.000,0.000,0.172,0.0000000,0.0000000,0.000,0.000,0.879629,0.049701,-0.052014,-0.470189
1088.486,0,0.000,20.861,0.000,0.000,0.132,0.0000000,0.0000000,0.000,0.000,0.880553,0.047062,-0.059764,-0.467803
1088.986,0,0.000,20.861,0.000,0.000,0.188,0.0000000,0.0000000,0.000,0.000,0.878661,0.046944,-0.052108,-0.472267
1089.486,0,0.000,20.852,0.000,0.000,-0.046,0.0000000,0.0000000,0.000,0.000,0.875879,0.058902,-0.047167,-0.476593
1089.986,0,0.000,20.870,0.000,0.000,0.114,0.0000000,0.0000000,0.000,0.000,0.875524,0.052498,-0.052617,-0.477423
1090.486,0,0.000,20.859,0.000,0.000,0.077,0.0000000,0.0000000,0.000,0.000,0.873977,0.046918,-0.058363,-0.480164
1090.986,0,0.000,20.856,0.000,0.000,-0.124,0.0000000,0.0000000,0.000,0.000,0.871881,0.050193,-0.054382,-0.484094
1091.486,0,0.000,20.847,0.000,0.000,0.140,0.0000000,0.0000000,0.000,0.000,0.869390,0.060056,-0.050036,-0.487904
1091.986,0,0.000,20.866,0.000,0.000,0.117,0.0000000,0.0000000,0.000,0.000,0.862681,0.056315,-0.057468,-0.499306
1092.486,0,0.000,20.866,0.000,0.000,0.186,0.0000000,0.0000000,0.000,0.000,0.868080,0.052481,-0.052488,-0.490844
1092.986,0,0.000,20.868,0.000,0.000,0.166,0.0000000,0.0000000,0.000,0.000,0.866128,0.062725,-0.048396,-0.493504
1093.486,0,0.000,20.847,0.000,0.000,0.100,0.0000000,0.0000000,0.000,0.000,0.865999,0.047331,-0.045078,-0.495756
1093.986,0,0.000,20.852,0.000,0.000,0.149,0.0000000,0.0000000,0.000,0.000,0.863925,0.055115,-0.041871,-0.498842
1094.486,0,0.000,20.861,0.000,0.000,0.174,0.0000000,0.0000000,0.000,0.000,0.866197,0.061275,-0.036697,-0.494573
1094.986,0,0.000,20.850,0.000,0.000,0.142,0.0000000,0.0000000,0.000,0.000,0.868372,0.063582,-0.038592,-0.490305
1095.486,0,0.000,20.870,0.000,0.000,0.071,0.0000000,0.0000000,0.000,0.000,0.874572,0.052394,-0.036383,-0.480681
1095.986,0,0.000,20.866,0.000,0.000,0.140,0.0000000,0.0000000,0.000,0.000,0.882673,0.035486,-0.050717,-0.465894
1096.486,0,0.000,20.861,0.000,0.000,0.135,0.0000000,0.0000000,0.000,0.000,0.879244,0.048235,-0.039187,-0.472300
1096.986,0,0.000,20.840,0.000,0.000,0.157,0.0000000,0.0000000,0.000,0.000,0.881837,0.054406,-0.029342,-0.467485
1097.486,0,0.000,20.854,0.000,0.000,0.118,0.0000000,0.0000000,0.000,0.000,0.879716,0.051310,-0.025135,-0.472054
1097.986,0,0.000,20.866,0.000,0.000,0.167,0.0000000,0.0000000,0.000,0.000,0.880931,0.047131,-0.034815,-0.469603
1098.486,0,0.000,20.868,0.000,0.000,0.128,0.0000000,0.0000000,0.000,0.000,0.874675,0.059567,-0.042981,-0.479112
1098.986,0,0.000,20.866,0.000,0.000,0.130,0.0000000,0.0000000,0.000,0.000,0.864682,0.076212,-0.034673,-0.495292
1099.486,0,0.000,20.852,0.000,0.000,0.159,0.0000000,0.0000000,0.000,0.000,0.868992,0.068151,-0.029504,-0.489221
1099.986,0,0.000,20.845,0.000,0.000,0.121,0.0000000,0.0000000,0.000,0.000,0.868822,0.064691,-0.036223,-0.489542
1100.486,0,0.006,20.854,0.000,0.000,0.110,0.0000000,0.0000000,0.000,0.000,0.867861,0.071967,-0.029283,-0.490694
1100.986,0,0.000,20.872,0.000,0.000,0.087,0.0000000,0.0000000,0.000,0.000,0.866393,0.057278,-0.041224,-0.494351
1101.486,0,0.000,20.845,0.000,0.000,0.167,0.0000000,0.0000000,0.000,0.000,0.869921,0.051328,-0.047026,-0.488254
1101.986,0,0.000,20.859,0.000,0.000,0.158,0.0000000,0.0000000,0.000,0.000,0.863174,0.062707,-0.039126,-0.499467
1102.486,0,0.000,20.861,0.000,0.000,0.065,0.0000000,0.0000000,0.000,0.000,0.860562,0.063662,-0.034486,-0.504173
