﻿Designator,Quantity,Value,Footprint,Package,MPN,DNP,Mount_Type,Description
C1,1,22uF,C_0805_2012Metric_Pad1.18x1.45mm_HandSolder,,,,smt,Unpolarized capacitor
"C2, C3",2,100nF,C_0402_1005Metric_Pad0.74x0.62mm_HandSolder,,,,smt,Unpolarized capacitor
J1,1,Conn_01x04,JST_EH_B4B-EH-A_1x04_P2.50mm_Vertical,,,,tht,"Generic connector, single row, 01x04, script generated (kicad-library-utils/schlib/autogen/connector/)"
R1,1,10K,R_0402_1005Metric_Pad0.72x0.64mm_HandSolder,,,,smt,Resistor
U1,1,ESP32-WROOM-32D,ESP32-WROOM-32D,,,,smt,"RF Module, ESP32-D0WD SoC, Wi-Fi 802.11b/g/n, Bluetooth, BLE, 32-bit, 2.7-3.6V, onboard antenna, SMD"
