﻿pos_x,pos_y,rotation,side,designator,mpn,pack,footprint,value,mount_type
179.0575,-127.62,0.0,top,C1,,,C_0805_2012Metric_Pad1.18x1.45mm_HandSolder,22uF,smt
183.0675,-127.1,0.0,top,C2,,,C_0402_1005Metric_Pad0.74x0.62mm_HandSolder,100nF,smt
183.0675,-129.07,0.0,top,C3,,,C_0402_1005Metric_Pad0.74x0.62mm_HandSolder,100nF,smt
195.7,-115.85,90.0,top,J1,,,JST_EH_B4B-EH-A_1x04_P2.50mm_Vertical,Conn_01x04,tht
186.2975,-127.11,0.0,top,R1,,,R_0402_1005Metric_Pad0.72x0.64mm_HandSolder,10K,smt
183.1,-114.23,0.0,top,U1,,,ESP32-WROOM-32D,ESP32-WROOM-32D,smt
