State - Time (s),State - Stage,State - Stage,State - PX (m),State - PY (m),State - PZ (m),State - VX (m/s),State - VY (m/s),State - VZ (m/s),State - AX (m/s/s),State - AY (m/s/s),State - AZ (m/s/s),MAX-M10S - Lat,MAX-M10S - Lon,MAX-M10S - Alt (m),MAX-M10S - Disp X (m),MAX-M10S - Disp Y (m),MAX-M10S - Disp Z (m),MAX-M10S - Fix Quality,MAX-M10S - Time of Day,DPS310 - Pres (hPa),DPS310 - Temp (C),DPS310 - Alt ASL (m),DPS310 - Alt AGL (m),BMI088andLIS3MDL - AccX (m/s^2),BMI088andLIS3MDL - AccY (m/s^2),BMI088andLIS3MDL - AccZ (m/s^2),BMI088andLIS3MDL - GyroX (rad/s),BMI088andLIS3MDL - GyroY (rad/s),BMI088andLIS3MDL - GyroZ (rad/s),BMI088andLIS3MDL - MagX (uT),BMI088andLIS3MDL - MagY (uT),BMI088andLIS3MDL - MagZ (uT),BMI088andLIS3MDL - OriX,BMI088andLIS3MDL - OriY,BMI088andLIS3MDL - OriZ,BMI088andLIS3MDL - OriW,Flight Computer Voltage - Raw Voltage (V),Flight Computer Voltage - Real Voltage (V)
1295.936,1,1,-1.537,2.065,20.475,-5.818,12.224,56.787,-4.961,27.505,63.189,0.0000000,0.0000000,0.000,0.000,0.000,0.000,0,00:00:00,1005.559,44.479,64.196,17.342,-69.070,1.501,1.020,0.724,0.006,0.070,-4589.000,610.000,1709.000,0.706,-0.131,-0.674,-0.173,3.103,7.758
1296.137,1,1,-1.788,3.344,30.481,-6.345,18.575,65.474,-5.860,37.649,51.617,0.0000000,0.0000000,0.000,0.000,0.000,0.000,0,00:00:00,1004.346,44.489,74.354,27.500,-64.129,1.070,1.587,1.063,0.134,0.138,-4425.000,737.000,1959.000,0.691,-0.214,-0.649,-0.236,3.168,7.919
1296.338,1,1,-1.952,5.036,41.581,-5.984,25.877,71.917,-1.861,45.764,42.189,0.0000000,0.0000000,0.000,0.000,0.000,0.000,0,00:00:00,1003.085,44.487,84.926,38.072,-62.268,0.057,0.639,0.884,0.043,0.401,-4481.000,720.000,2195.000,0.661,-0.298,-0.633,-0.269,3.184,7.960
1296.539,1,1,-1.962,7.044,53.730,-4.998,33.140,76.803,1.146,49.635,34.884,0.0000000,0.0000000,0.000,0.000,0.000,0.000,0,00:00:00,1001.649,44.486,96.982,50.128,-60.638,-2.112,0.668,0.482,0.026,0.322,-4561.000,569.000,2348.000,0.639,-0.350,-0.625,-0.279,3.200,8.000
1296.740,1,1,-1.868,9.111,69.168,-4.494,38.305,83.722,-1.131,43.431,37.064,0.0000000,0.0000000,0.000,0.000,0.000,0.000,0,00:00:00,999.490,44.485,115.131,68.277,-57.010,-2.392,2.320,-0.520,0.043,-0.030,-4775.000,490.000,2199.000,0.657,-0.317,-0.639,-0.246,3.161,7.903
1296.941,1,1,-1.729,10.929,85.521,-3.826,41.118,90.800,-0.070,35.470,39.745,0.0000000,0.0000000,0.000,0.000,0.000,0.000,0,00:00:00,997.622,44.493,130.858,84.005,-53.254,-1.257,0.560,-0.573,-0.023,-0.092,-4584.000,413.000,2185.000,0.671,-0.273,-0.655,-0.215,3.161,7.903
1297.142,1,1,-1.585,12.308,103.442,-3.668,41.913,98.239,-2.350,28.298,41.141,0.0000000,0.0000000,0.000,0.000,0.000,0.000,0,00:00:00,995.480,44.491,148.919,102.065,-49.978,0.927,0.438,-0.418,0.113,-0.215,-4696.000,482.000,2011.000,0.693,-0.233,-0.654,-0.197,3.145,7.863
1297.343,1,1,-1.497,13.094,122.719,-3.903,39.790,102.691,-4.141,15.426,25.658,0.0000000,0.0000000,0.000,0.000,0.000,0.000,0,00:00:00,993.174,44.499,168.406,121.552,-30.103,0.797,2.571,-0.315,0.158,0.119,-4630.000,470.000,1880.000,0.706,-0.224,-0.652,-0.164,3.197,7.992
1297.544,1,1,-1.432,13.237,142.751,-3.548,36.430,104.652,-1.083,9.620,12.856,0.0000000,0.0000000,0.000,0.000,0.000,0.000,0,00:00:00,990.791,44.504,188.578,141.724,-15.867,-2.557,0.826,-0.405,-0.079,0.036,-4559.000,319.000,1857.000,0.706,-0.199,-0.666,-0.135,3.174,7.935
1297.745,2,2,-1.280,12.792,161.462,-2.169,31.484,103.545,4.311,0.881,2.998,0.0000000,0.0000000,0.000,0.000,0.000,0.000,0,00:00:00,988.796,44.500,205.497,158.643,-3.046,-0.022,-4.367,-0.381,-0.115,-0.019,-4590.000,171.000,1935.000,0.703,-0.170,-0.681,-0.111,3.206,8.016
1297.946,2,2,-1.086,11.889,178.138,-2.049,26.800,100.276,-1.567,0.402,-1.618,0.0000000,0.0000000,0.000,0.000,0.000,0.000,0,00:00:00,987.071,44.504,220.143,173.289,1.386,-0.733,1.666,-0.377,0.015,0.072,-4646.000,156.000,1882.000,0.707,-0.150,-0.687,-0.079,3.187,7.968
1298.147,2,2,-0.921,10.739,195.379,-1.528,22.538,97.700,0.751,0.220,-2.602,0.0000000,0.0000000,0.000,0.000,0.000,0.000,0,00:00:00,984.872,44.502,238.851,191.998,2.507,-0.876,-0.575,-0.460,0.121,-0.070,-4650.000,68.000,1730.000,0.719,-0.114,-0.684,-0.050,3.197,7.992
1298.348,2,2,-0.781,9.493,212.917,-1.503,18.804,95.778,-1.434,0.364,-2.227,0.0000000,0.0000000,0.000,0.000,0.000,0.000,0,00:00:00,982.702,44.489,257.344,210.490,2.083,-0.560,1.580,-0.413,0.015,-0.047,-4588.000,-46.000,1618.000,0.722,-0.082,-0.687,-0.023,3.194,7.984
1298.549,2,2,-0.670,8.246,229.460,-1.186,15.479,93.445,0.242,-0.085,-2.093,0.0000000,0.0000000,0.000,0.000,0.000,0.000,0,00:00:00,980.849,44.500,273.165,226.311,2.097,-0.050,-0.208,-0.473,-0.145,-0.011,-4732.000,-88.000,1513.000,0.712,-0.048,-0.700,0.009,3.161,7.903
1298.750,2,2,-0.568,7.064,247.485,-1.014,12.748,92.504,-0.277,0.509,-2.132,0.0000000,0.0000000,0.000,0.000,0.000,0.000,0,00:00:00,978.471,44.480,293.495,246.641,2.148,-0.431,0.287,-0.411,-0.138,0.026,-4593.000,-225.000,1622.000,0.701,-0.022,-0.711,0.039,3.103,7.758
1298.951,2,2,-0.470,5.987,266.164,-0.674,10.436,92.169,0.750,0.445,-2.125,0.0000000,0.0000000,0.000,0.000,0.000,0.000,0,00:00:00,976.175,44.477,313.170,266.316,2.148,-0.287,-0.761,-0.443,-0.034,0.134,-4666.000,-374.000,1656.000,0.696,0.000,-0.713,0.080,3.106,7.766
1299.152,2,2,-0.388,5.032,283.490,-0.713,8.554,90.930,-0.967,0.682,-2.022,0.0000000,0.0000000,0.000,0.000,0.000,0.000,0,00:00:00,974.333,44.479,328.974,282.121,2.148,-0.180,0.919,-0.343,-0.111,0.087,-4644.000,-493.000,1637.000,0.685,0.018,-0.720,0.110,3.184,7.960
1299.353,2,2,-0.319,4.209,300.783,-0.401,7.084,89.861,0.914,1.087,-1.952,0.0000000,0.0000000,0.000,0.000,0.000,0.000,0,00:00:00,972.292,44.474,346.523,299.669,2.140,-0.661,-0.898,-0.386,0.066,-0.051,-4817.000,-648.000,1623.000,0.685,0.050,-0.715,0.132,3.119,7.798
1299.554,2,2,-0.242,3.506,316.745,-0.198,5.781,88.013,0.528,0.513,-1.827,0.0000000,0.0000000,0.000,0.000,0.000,0.000,0,00:00:00,970.591,44.473,361.163,314.309,1.889,0.072,-0.553,-0.392,0.130,-0.109,-4576.000,-698.000,1682.000,0.688,0.087,-0.705,0.151,3.110,7.774
1299.755,2,2,-0.181,2.903,331.389,-0.230,4.657,85.483,-0.520,0.202,-1.839,0.0000000,0.0000000,0.000,0.000,0.000,0.000,0,00:00:00,969.022,44.460,374.689,327.835,1.781,0.567,0.445,-0.236,-0.038,0.183,-4606.000,-714.000,1594.000,0.683,0.090,-0.702,0.180,3.200,8.000
1299.956,2,2,-0.140,2.396,345.865,-0.157,3.860,83.302,0.083,0.818,-1.284,0.0000000,0.0000000,0.000,0.000,0.000,0.000,0,00:00:00,967.300,44.460,389.554,342.701,1.516,-0.165,-0.036,-0.390,0.000,0.192,-4601.000,-873.000,1612.000,0.677,0.105,-0.695,0.220,3.119,7.798
1300.157,2,2,-0.109,1.989,360.983,-0.146,3.355,81.981,-0.162,1.455,-0.823,0.0000000,0.0000000,0.000,0.000,0.000,0.000,0,00:00:00,965.406,44.450,405.937,359.083,1.451,-0.790,0.302,-0.373,0.019,-0.060,-4596.000,-1030.000,1607.000,0.669,0.135,-0.690,0.241,3.203,8.008
1300.358,2,2,-0.087,1.670,375.077,-0.123,2.927,80.079,-0.060,1.206,-1.025,0.0000000,0.0000000,0.000,0.000,0.000,0.000,0,00:00:00,963.881,44.452,419.141,372.287,1.530,-0.395,0.108,-0.343,-0.006,-0.121,-4727.000,-1053.000,1648.000,0.658,0.166,-0.688,0.255,3.177,7.944
1300.559,2,2,-0.077,1.416,388.531,-0.212,2.566,77.981,-0.597,1.030,-1.079,0.0000000,0.0000000,0.000,0.000,0.000,0.000,0,00:00:00,962.364,44.443,432.289,385.436,1.501,-0.072,0.567,-0.283,-0.107,-0.077,-4747.000,-1125.000,1579.000,0.642,0.188,-0.692,0.270,3.165,7.911
1300.760,2,2,-0.079,1.211,401.437,-0.254,2.257,75.797,-0.367,0.880,-1.063,0.0000000,0.0000000,0.000,0.000,0.000,0.000,0,00:00:00,960.894,44.435,445.048,398.194,1.386,0.115,0.323,-0.358,-0.062,0.141,-4736.000,-1154.000,1700.000,0.630,0.202,-0.685,0.304,3.126,7.815
1300.961,2,2,-0.082,1.047,414.065,-0.246,2.041,73.809,-0.120,1.017,-0.626,0.0000000,0.0000000,0.000,0.000,0.000,0.000,0,00:00:00,959.421,44.423,457.856,411.002,1.171,-0.230,0.129,-0.366,-0.040,0.000,-4664.000,-1285.000,1762.000,0.616,0.226,-0.680,0.328,3.194,7.984
1301.162,2,2,-0.088,0.917,426.133,-0.317,1.855,71.712,-0.532,0.906,-0.591,0.0000000,0.0000000,0.000,0.000,0.000,0.000,0,00:00:00,958.056,44.423,469.731,422.878,1.092,-0.043,0.510,-0.322,-0.030,-0.021,-4601.000,-1376.000,1811.000,0.603,0.248,-0.675,0.346,3.165,7.911
1301.363,2,2,-0.094,0.810,437.655,-0.276,1.662,69.464,0.016,0.653,-0.927,0.0000000,0.0000000,0.000,0.000,0.000,0.000,0,00:00:00,956.749,44.430,481.117,434.263,1.070,0.359,-0.108,-0.371,0.021,0.019,-4572.000,-1427.000,1929.000,0.591,0.272,-0.663,0.369,3.184,7.960
1301.564,2,2,-0.092,0.720,448.765,-0.221,1.519,67.288,0.090,0.729,-0.693,0.0000000,0.0000000,0.000,0.000,0.000,0.000,0,00:00:00,955.471,44.417,492.268,445.414,0.984,0.165,-0.158,-0.258,-0.004,-0.070,-4606.000,-1517.000,2006.000,0.579,0.293,-0.659,0.380,3.197,7.992
1301.765,2,2,-0.092,0.652,459.736,-0.293,1.491,65.446,-0.538,1.157,-0.048,0.0000000,0.0000000,0.000,0.000,0.000,0.000,0,00:00:00,954.175,44.403,503.575,456.721,1.042,-0.445,0.589,-0.294,0.121,0.051,-4715.000,-1533.000,1976.000,0.577,0.314,-0.641,0.396,3.135,7.839
1301.966,2,2,-0.095,0.604,470.518,-0.282,1.459,63.757,-0.139,1.047,0.077,0.0000000,0.0000000,0.000,0.000,0.000,0.000,0,00:00:00,952.918,44.401,514.567,467.713,0.919,-0.488,0.194,-0.401,0.077,0.000,-4726.000,-1626.000,2040.000,0.566,0.343,-0.623,0.417,3.165,7.911
1302.167,2,2,-0.100,0.568,480.829,-0.329,1.397,61.960,-0.429,0.824,-0.002,0.0000000,0.0000000,0.000,0.000,0.000,0.000,0,00:00:00,951.757,44.397,524.726,477.872,0.790,-0.244,0.424,-0.294,-0.100,-0.190,-4731.000,-1636.000,2189.000,0.541,0.367,-0.627,0.425,3.184,7.960
1302.368,2,2,-0.106,0.536,490.521,-0.338,1.328,59.924,-0.260,0.731,-0.286,0.0000000,0.0000000,0.000,0.000,0.000,0.000,0,00:00:00,950.684,44.388,534.121,487.267,0.804,0.072,0.180,-0.268,-0.175,-0.124,-4780.000,-1609.000,2256.000,0.513,0.383,-0.631,0.438,3.200,8.000
1302.569,2,2,-0.113,0.506,499.811,-0.369,1.241,57.908,-0.376,0.577,-0.209,0.0000000,0.0000000,0.000,0.000,0.000,0.000,0,00:00:00,949.624,44.380,543.416,496.562,0.646,0.115,0.294,-0.281,-0.211,-0.006,-4625.000,-1652.000,2459.000,0.487,0.392,-0.631,0.460,3.106,7.766
1302.770,2,2,-0.119,0.477,508.706,-0.365,1.170,55.901,-0.220,0.600,-0.202,0.0000000,0.0000000,0.000,0.000,0.000,0.000,0,00:00:00,948.608,44.373,552.325,505.471,0.639,0.115,0.165,-0.234,-0.111,0.296,-4753.000,-1681.000,2601.000,0.481,0.387,-0.613,0.494,3.158,7.895
1302.971,2,2,-0.120,0.451,517.347,-0.322,1.123,54.048,-0.023,0.663,0.051,0.0000000,0.0000000,0.000,0.000,0.000,0.000,0,00:00:00,947.605,44.372,561.136,514.282,0.646,-0.158,0.000,-0.266,-0.089,-0.209,-4760.000,-1701.000,2670.000,0.454,0.408,-0.617,0.497,3.206,8.016
1303.172,2,2,-0.117,0.427,525.593,-0.312,1.049,52.193,-0.188,0.486,0.125,0.0000000,0.0000000,0.000,0.000,0.000,0.000,0,00:00:00,946.670,44.364,569.353,522.499,0.488,-0.129,0.180,-0.285,-0.083,-0.017,-4707.000,-1716.000,2720.000,0.433,0.422,-0.610,0.512,3.097,7.742
1303.373,2,2,-0.112,0.401,533.431,-0.279,0.969,50.332,-0.058,0.400,0.231,0.0000000,0.0000000,0.000,0.000,0.000,0.000,0,00:00:00,945.784,44.368,577.146,530.292,0.395,-0.230,0.086,-0.311,-0.026,0.049,-4746.000,-1710.000,2800.000,0.418,0.438,-0.595,0.529,3.155,7.887
1303.574,2,2,-0.109,0.375,540.987,-0.305,0.897,48.533,-0.346,0.391,0.206,0.0000000,0.0000000,0.000,0.000,0.000,0.000,0,00:00:00,944.912,44.360,584.814,537.960,0.424,-0.108,0.352,-0.330,0.047,0.053,-4601.000,-1707.000,2798.000,0.405,0.457,-0.575,0.544,3.177,7.944
1303.775,2,2,-0.109,0.349,548.186,-0.317,0.821,46.757,-0.280,0.320,0.318,0.0000000,0.0000000,0.000,0.000,0.000,0.000,0,00:00:00,944.095,44.361,592.013,545.159,0.359,-0.208,0.330,-0.247,-0.102,0.128,-4561.000,-1745.000,3009.000,0.392,0.461,-0.561,0.566,3.203,8.008
1303.976,2,2,-0.111,0.324,555.069,-0.321,0.764,45.014,-0.239,0.364,0.327,0.0000000,0.0000000,0.000,0.000,0.000,0.000,0,00:00:00,943.308,44.348,598.946,552.092,0.417,-0.201,0.287,-0.207,-0.149,-0.064,-4593.000,-1743.000,3012.000,0.368,0.466,-0.561,0.577,3.119,7.798
1304.177,2,2,-0.109,0.300,561.600,-0.279,0.693,43.279,-0.012,0.243,0.389,0.0000000,0.0000000,0.000,0.000,0.000,0.000,0,00:00:00,942.568,44.352,605.472,558.618,0.309,-0.323,0.101,-0.271,-0.192,-0.192,-4674.000,-1685.000,3174.000,0.333,0.477,-0.566,0.584,3.171,7.927
1304.378,2,2,-0.105,0.275,567.625,-0.284,0.617,41.405,-0.232,0.172,0.239,0.0000000,0.0000000,0.000,0.000,0.000,0.000,0,00:00:00,941.906,44.366,611.315,564.461,0.259,-0.101,0.251,-0.360,-0.081,-0.277,-4591.000,-1599.000,3290.000,0.294,0.501,-0.567,0.584,3.194,7.984
1304.579,2,2,-0.103,0.251,573.329,-0.268,0.561,39.590,-0.126,0.219,0.344,0.0000000,0.0000000,0.000,0.000,0.000,0.000,0,00:00:00,941.253,44.348,617.083,570.229,0.330,-0.208,0.172,-0.241,-0.149,-0.132,-4618.000,-1535.000,3351.000,0.265,0.510,-0.567,0.591,3.197,7.992
1304.780,2,2,-0.099,0.227,579.381,-0.259,0.485,38.259,-0.153,0.078,0.194,0.0000000,0.0000000,0.000,0.000,0.000,0.000,0,00:00:00,940.472,44.350,623.980,577.127,0.165,-0.086,0.180,-0.222,-0.068,-0.081,-4731.000,-1325.000,3461.000,0.243,0.520,-0.562,0.595,3.142,7.855
1304.981,2,2,-0.095,0.204,584.702,-0.232,0.448,36.609,-0.053,0.220,0.273,0.0000000,0.0000000,0.000,0.000,0.000,0.000,0,00:00:00,939.933,44.357,628.751,581.898,0.316,-0.151,0.057,-0.260,-0.045,-0.258,-4555.000,-1247.000,3596.000,0.212,0.538,-0.564,0.589,3.132,7.831
1308.331,2,2,176.298,-607.129,458.394,98.954,-340.352,-96.252,50.720,-174.436,-67.650,0.0000000,0.0000000,0.000,0.000,0.000,0.000,0,00:00:00,936.457,44.324,659.530,612.676,-192.494,20.098,10.925,0.479,0.739,-0.458,-2823.000,2281.000,3655.000,0.256,0.562,-0.598,0.511,3.113,7.782
1308.532,2,2,16.869,-58.082,603.663,51.965,-178.296,-51.623,-0.389,2.652,0.955,0.0000000,0.0000000,0.000,0.000,0.000,0.000,0,00:00:00,936.466,44.469,659.452,612.598,2.773,-0.136,-0.625,-0.482,0.322,0.062,-2408.000,2282.000,3518.000,0.254,0.604,-0.559,0.508,3.097,7.742
1308.733,2,2,12.876,-44.354,604.502,47.949,-166.151,-48.601,-2.207,-0.806,0.982,0.0000000,0.0000000,0.000,0.000,0.000,0.000,0,00:00:00,936.380,44.719,660.212,613.358,0.237,-0.682,2.442,-0.488,-0.021,0.639,-2509.000,2304.000,3251.000,0.265,0.612,-0.496,0.555,3.194,7.984
1308.934,2,2,13.307,-46.027,603.118,45.375,-158.472,-44.876,-0.745,-3.505,6.976,0.0000000,0.0000000,0.000,0.000,0.000,0.000,0,00:00:00,936.420,44.833,659.859,613.005,0.704,-7.808,0.215,-0.765,0.908,1.436,-3051.000,2208.000,2857.000,0.350,0.651,-0.340,0.581,3.171,7.927
1309.135,2,2,14.308,-49.850,602.348,42.581,-151.281,-40.109,-1.442,-7.629,9.689,0.0000000,0.0000000,0.000,0.000,0.000,0.000,0,00:00:00,936.381,44.875,660.206,613.352,-0.323,-12.333,-1.393,-0.528,-0.141,1.666,-3908.000,1675.000,2176.000,0.417,0.594,-0.210,0.656,3.116,7.790
1309.336,2,2,15.089,-52.962,601.069,40.743,-144.905,-36.144,5.515,-19.728,5.373,0.0000000,0.0000000,0.000,0.000,0.000,0.000,0,00:00:00,936.713,44.870,657.265,610.411,0.567,-19.789,-7.520,-3.403,0.028,-0.803,-4329.000,691.000,2035.000,0.138,0.661,-0.056,0.735,3.171,7.927
1309.537,2,2,15.458,-54.205,599.692,38.593,-132.778,-31.540,6.739,-0.812,8.438,0.0000000,0.0000000,0.000,0.000,0.000,0.000,0,00:00:00,937.035,44.854,654.408,607.554,0.230,-0.905,-10.789,-5.550,2.697,-0.952,-4174.000,309.000,948.000,-0.329,0.891,0.107,0.294,3.174,7.935
1309.738,2,2,15.162,-53.056,596.498,33.312,-117.734,-29.572,-6.547,5.822,0.912,0.0000000,0.0000000,0.000,0.000,0.000,0.000,0,00:00:00,937.812,44.818,647.520,600.666,4.841,6.709,3.024,-3.841,2.823,1.928,-2442.000,-1982.000,-111.000,-0.158,0.772,0.529,-0.315,3.177,7.944
1309.939,2,2,14.261,-49.830,592.646,29.719,-101.693,-28.178,3.026,6.764,0.537,0.0000000,0.0000000,0.000,0.000,0.000,0.000,0,00:00:00,938.414,44.801,642.191,595.337,3.290,-0.481,6.644,-3.884,-1.300,2.755,-193.000,-3845.000,1570.000,0.220,0.584,0.684,-0.378,3.174,7.935
1310.140,2,2,12.945,-45.333,589.638,24.212,-88.290,-26.264,-6.575,-6.242,0.993,0.0000000,0.0000000,0.000,0.000,0.000,0.000,0,00:00:00,938.683,44.782,639.810,592.956,2.765,-6.644,-5.603,-2.870,-2.616,-0.384,1134.000,-3425.000,2935.000,0.200,0.941,0.226,-0.152,3.161,7.903
1310.341,2,2,11.304,-40.239,588.069,19.370,-74.300,-22.163,-4.607,0.253,8.543,0.0000000,0.0000000,0.000,0.000,0.000,0.000,0,00:00:00,938.742,44.770,639.289,592.435,3.706,5.006,-7.449,-1.756,-0.403,-1.165,909.000,-3506.000,3103.000,0.148,0.919,0.350,-0.101,3.177,7.944
1310.542,2,2,9.495,-34.863,586.414,13.939,-60.580,-18.613,-9.829,5.144,8.665,0.0000000,0.0000000,0.000,0.000,0.000,0.000,0,00:00:00,939.061,44.763,636.460,589.606,8.433,6.738,-9.036,0.786,0.663,0.795,652.000,-3630.000,3609.000,0.189,0.921,0.278,-0.199,3.177,7.944
1310.743,2,2,7.676,-29.585,583.747,10.057,-49.124,-18.404,-4.933,1.577,-2.899,0.0000000,0.0000000,0.000,0.000,0.000,0.000,0,00:00:00,939.569,44.737,631.966,585.112,5.710,-0.065,-1.616,1.402,2.007,0.153,792.000,-3534.000,3476.000,0.116,0.890,0.178,-0.403,3.194,7.984
1310.944,2,2,6.026,-24.639,581.069,6.921,-38.217,-19.100,-4.050,7.036,-7.588,0.0000000,0.0000000,0.000,0.000,0.000,0.000,0,00:00:00,939.868,44.710,629.327,582.473,8.670,6.946,0.273,1.783,1.883,-0.447,453.000,-3735.000,3319.000,-0.079,0.783,0.138,-0.601,3.184,7.960
1311.145,2,2,4.617,-20.107,578.675,4.830,-28.957,-19.457,-1.420,6.939,-7.412,0.0000000,0.0000000,0.000,0.000,0.000,0.000,0,00:00:00,940.082,44.701,627.429,580.575,4.669,8.928,1.896,2.101,1.779,0.761,211.000,-4019.000,2875.000,-0.314,0.588,0.080,-0.741,3.129,7.823
1311.346,2,2,3.601,-16.101,576.123,5.269,-21.542,-18.832,9.262,5.250,-1.839,0.0000000,0.0000000,0.000,0.000,0.000,0.000,0,00:00:00,940.399,44.683,624.633,577.779,5.093,5.430,7.829,1.483,2.233,1.378,548.000,-3728.000,2440.000,-0.327,0.342,-0.147,-0.869,3.174,7.935
1311.547,2,2,3.128,-12.675,573.039,7.648,-15.747,-17.051,18.022,3.764,6.861,0.0000000,0.0000000,0.000,0.000,0.000,0.000,0,00:00:00,940.860,44.670,620.559,573.705,5.028,1.508,18.934,0.426,0.113,1.259,1268.000,-3116.000,2770.000,-0.316,0.364,-0.273,-0.833,3.145,7.863
1311.748,2,2,3.016,-9.896,569.725,8.245,-12.448,-15.997,8.956,-3.228,5.215,0.0000000,0.0000000,0.000,0.000,0.000,0.000,0,00:00:00,941.309,44.645,616.588,569.734,3.570,-1.020,10.200,0.373,-2.156,1.310,1659.000,-2378.000,2574.000,-0.209,0.390,-0.399,-0.803,3.194,7.984
1311.949,2,2,2.829,-7.784,565.623,5.876,-10.514,-16.220,-6.157,-5.867,2.206,0.0000000,0.0000000,0.000,0.000,0.000,0.000,0,00:00:00,941.899,44.629,611.377,564.523,6.364,-3.613,-4.863,1.084,-2.962,0.882,1506.000,-1500.000,1081.000,-0.358,0.702,-0.410,-0.459,3.168,7.919
1312.150,2,2,2.345,-6.204,563.819,2.573,-8.847,-13.371,-11.765,-4.067,9.679,0.0000000,0.0000000,0.000,0.000,0.000,0.000,0,00:00:00,941.810,44.621,612.162,565.308,6.335,-7.068,-12.592,0.906,-0.654,-0.102,196.000,-563.000,3.000,-0.431,0.687,-0.443,-0.383,3.200,8.000
1312.351,2,2,1.708,-5.022,561.024,0.758,-7.809,-12.268,-5.623,-4.846,6.329,0.0000000,0.0000000,0.000,0.000,0.000,0.000,0,00:00:00,942.327,44.603,607.600,560.746,5.279,-2.536,-7.801,0.072,0.283,-2.062,-70.000,-278.000,-18.000,-0.576,0.675,-0.334,-0.317,3.171,7.927
1312.552,2,2,1.031,-4.209,557.905,-1.656,-7.923,-13.101,-9.953,-8.963,-1.956,0.0000000,0.0000000,0.000,0.000,0.000,0.000,0,00:00:00,942.731,44.606,604.036,557.182,7.046,8.763,-7.535,1.116,0.192,-1.385,285.000,-823.000,146.000,-0.688,0.543,-0.371,-0.307,3.197,7.992
1312.753,2,2,0.277,-3.703,554.709,-4.273,-8.016,-13.663,-12.465,-7.856,-0.845,0.0000000,0.0000000,0.000,0.000,0.000,0.000,0,00:00:00,943.085,44.602,600.918,554.064,7.305,11.493,-5.689,3.354,0.722,1.771,265.000,-128.000,245.000,-0.623,0.483,-0.613,-0.047,3.165,7.911
1312.954,2,2,-0.390,-3.304,552.822,-4.578,-6.713,-12.602,-2.297,-0.110,2.383,0.0000000,0.0000000,0.000,0.000,0.000,0.000,0,00:00:00,943.117,44.599,600.635,553.781,3.204,0.632,0.553,4.485,2.254,2.687,-243.000,1933.000,2070.000,-0.327,0.317,-0.854,0.250,3.197,7.992
1313.155,2,2,-0.832,-2.942,551.269,-4.530,-6.348,-9.395,-1.422,-4.054,13.423,0.0000000,0.0000000,0.000,0.000,0.000,0.000,0,00:00:00,943.307,44.591,598.960,552.106,-1.853,0.481,13.963,3.656,2.793,1.579,-2174.000,1767.000,4719.000,0.048,0.114,-0.919,0.374,3.158,7.895
1313.356,3,3,-1.099,-2.642,548.032,-4.353,-5.621,-9.339,-1.312,-1.660,5.491,0.0000000,0.0000000,0.000,0.000,0.000,0.000,0,00:00:00,943.965,44.579,593.162,546.308,-3.670,0.136,4.597,1.862,2.465,1.174,-3989.000,-95.000,4893.000,0.340,0.028,-0.840,0.423,3.142,7.855
1313.557,3,3,-1.311,-2.319,544.492,-5.174,-4.291,-9.429,-6.699,1.989,5.916,0.0000000,0.0000000,0.000,0.000,0.000,0.000,0,00:00:00,944.410,44.572,589.241,542.387,-0.891,3.642,8.354,0.375,1.526,1.436,-4551.000,-1219.000,3549.000,0.328,-0.057,-0.743,0.581,3.139,7.847
1313.758,3,3,-1.582,-1.933,541.433,-6.480,-2.815,-8.216,-9.656,3.485,10.983,0.0000000,0.0000000,0.000,0.000,0.000,0.000,0,00:00:00,944.704,44.576,586.651,539.797,-1.444,8.720,12.161,-2.638,-0.863,2.993,-4227.000,-2244.000,2903.000,0.087,-0.009,-0.567,0.819,3.155,7.887
1313.959,3,3,-1.812,-1.622,537.843,-6.075,-3.281,-8.112,-1.601,-5.555,8.016,0.0000000,0.0000000,0.000,0.000,0.000,0.000,0,00:00:00,945.207,44.592,582.216,535.362,-3.333,0.431,9.295,-4.506,-3.607,0.991,-2632.000,-2925.000,4798.000,-0.170,0.049,-0.461,0.870,3.190,7.976
1314.160,3,3,-1.851,-1.449,537.386,-4.789,-3.201,-7.735,2.704,-2.495,-2.494,0.0000000,0.0000000,0.000,0.000,0.000,0.000,0,00:00:00,944.813,44.589,585.685,538.831,-1.415,-3.160,2.787,-5.250,-1.553,-1.434,-786.000,-325.000,5793.000,-0.613,0.115,-0.464,0.629,3.116,7.790
1314.361,3,3,-1.593,-1.252,532.056,-1.659,-1.925,-11.610,12.390,3.850,-6.248,0.0000000,0.0000000,0.000,0.000,0.000,0.000,0,00:00:00,946.073,44.593,574.600,527.746,3.318,-12.074,7.111,-3.588,-1.010,-1.042,131.000,1680.000,3884.000,-0.837,0.143,-0.398,0.347,3.100,7.750
1314.562,3,3,-1.269,-0.909,525.973,-2.310,0.183,-11.603,-5.770,8.671,14.464,0.0000000,0.0000000,0.000,0.000,0.000,0.000,0,00:00:00,946.817,44.589,568.056,521.202,7.334,-5.172,-15.400,-1.715,-0.616,-2.542,845.000,1150.000,1931.000,-0.914,-0.022,-0.391,0.106,3.135,7.839
1314.763,3,3,-1.155,-0.604,520.311,-3.100,-0.558,-11.917,-6.237,-4.890,11.129,0.0000000,0.0000000,0.000,0.000,0.000,0.000,0,00:00:00,947.396,44.586,562.966,516.112,4.769,7.729,-10.207,0.597,1.266,-1.040,1533.000,-267.000,1799.000,-0.843,-0.125,-0.509,0.121,3.165,7.911
1314.964,3,3,-1.142,-0.449,514.033,-3.227,-0.443,-14.389,-2.911,-0.324,1.690,0.0000000,0.0000000,0.000,0.000,0.000,0.000,0,00:00:00,948.160,44.589,556.261,509.407,0.510,1.710,-2.873,2.388,1.903,-0.115,1835.000,-580.000,2906.000,-0.685,-0.223,-0.613,0.325,3.132,7.831
1315.165,3,3,-1.113,-0.326,509.433,-2.797,-0.181,-16.327,-0.082,0.652,-3.821,0.0000000,0.0000000,0.000,0.000,0.000,0.000,0,00:00:00,948.376,44.579,554.361,507.507,-0.438,-3.405,-1.803,2.405,2.595,-0.827,1501.000,-1098.000,4308.000,-0.403,-0.322,-0.718,0.467,3.106,7.766
1315.366,3,3,-0.961,-0.033,508.020,-1.130,2.910,-12.039,6.378,15.314,15.800,0.0000000,0.0000000,0.000,0.000,0.000,0.000,0,00:00:00,948.109,44.579,556.704,509.850,3.239,3.433,22.418,1.651,1.956,-2.780,82.000,-2577.000,5216.000,-0.090,-0.431,-0.817,0.371,3.116,7.790
1315.567,3,3,-0.683,0.395,506.850,0.026,3.588,-8.967,4.385,4.159,11.659,0.0000000,0.0000000,0.000,0.000,0.000,0.000,0,00:00:00,948.315,44.570,554.901,508.047,-2.061,4.331,12.225,-1.526,-0.965,-2.998,-1343.000,-3037.000,5011.000,-0.091,-0.349,-0.930,0.067,3.190,7.976
1315.768,3,3,-0.386,0.671,506.259,0.751,2.961,-5.526,2.839,-1.777,13.791,0.0000000,0.0000000,0.000,0.000,0.000,0.000,0,00:00:00,948.393,44.574,554.214,507.360,-2.291,4.654,13.209,-3.215,0.447,-2.876,-2127.000,-1629.000,5725.000,0.027,-0.067,-0.978,-0.196,3.145,7.863
1315.969,3,3,-0.148,0.772,502.434,0.780,2.406,-6.232,-0.150,-1.224,6.659,0.0000000,0.0000000,0.000,0.000,0.000,0.000,0,00:00:00,949.337,44.578,545.925,499.071,-3.002,-0.424,6.055,-3.126,1.604,-2.314,-2403.000,873.000,5356.000,0.240,0.197,-0.875,-0.372,3.123,7.806
1316.170,3,3,-0.139,0.878,497.090,-1.482,3.623,-8.363,-11.532,7.811,4.316,0.0000000,0.0000000,0.000,0.000,0.000,0.000,0,00:00:00,950.126,44.559,539.009,492.155,-6.091,-13.209,1.020,-1.485,2.783,-1.099,-2371.000,2313.000,3559.000,0.491,0.237,-0.700,-0.462,3.171,7.927
1316.371,3,3,-0.424,0.996,492.360,-3.759,3.189,-10.476,-12.176,-0.174,0.403,0.0000000,0.0000000,0.000,0.000,0.000,0.000,0,00:00:00,950.515,44.560,535.603,488.750,-7.406,-8.885,3.828,5.827,2.109,-4.146,-1481.000,2180.000,4243.000,0.217,-0.052,-0.435,-0.872,3.145,7.863
1316.572,3,3,-0.733,1.118,488.914,-3.466,4.353,-10.772,-0.004,8.020,3.572,0.0000000,0.0000000,0.000,0.000,0.000,0.000,0,00:00:00,950.686,44.562,534.100,487.246,-1.013,4.439,7.506,6.115,-2.638,-3.403,-160.000,-1956.000,5418.000,-0.295,-0.048,-0.119,-0.947,3.200,8.000
1316.773,3,3,-0.885,1.244,485.982,-3.062,3.943,-12.307,0.242,0.446,-5.279,0.0000000,0.0000000,0.000,0.000,0.000,0.000,0,00:00:00,950.920,44.564,532.056,485.202,1.559,5.035,0.589,4.866,-3.560,0.147,-275.000,-3890.000,1885.000,-0.684,0.202,-0.004,-0.701,3.139,7.847
1316.974,3,3,-0.951,1.213,478.999,-2.983,2.622,-14.363,-1.506,-4.150,6.331,0.0000000,0.0000000,0.000,0.000,0.000,0.000,0,00:00:00,952.254,44.554,520.377,473.523,-0.043,-0.251,-7.714,4.510,-1.994,0.565,-1271.000,-1689.000,-425.000,-0.887,0.339,0.002,-0.315,3.190,7.976
1317.175,3,3,-0.921,1.131,474.341,-1.934,2.963,-12.844,3.382,3.950,14.958,0.0000000,0.0000000,0.000,0.000,0.000,0.000,0,00:00:00,952.440,44.553,518.747,471.893,1.623,-4.863,-14.983,3.731,-0.888,0.927,-2533.000,879.000,334.000,-0.905,0.418,-0.070,0.042,3.100,7.750
1317.376,3,3,-0.855,1.219,468.456,-2.254,4.820,-14.617,-3.300,11.675,3.207,0.0000000,0.0000000,0.000,0.000,0.000,0.000,0,00:00:00,953.288,44.562,511.332,464.478,-4.238,-4.525,-10.911,3.062,2.514,0.145,-2865.000,2068.000,1708.000,-0.807,0.391,-0.395,0.200,3.123,7.806
1317.577,3,3,-0.770,1.432,465.305,-1.261,5.402,-14.796,3.403,5.751,-0.142,0.0000000,0.0000000,0.000,0.000,0.000,0.000,0,00:00:00,953.221,44.575,511.912,465.058,-0.625,-6.515,-1.358,2.143,2.561,-0.752,-2332.000,2406.000,2770.000,-0.655,0.281,-0.663,0.230,3.187,7.968
1317.778,3,3,-0.580,1.582,463.190,-0.128,5.045,-14.080,4.480,1.382,0.531,0.0000000,0.0000000,0.000,0.000,0.000,0.000,0,00:00:00,953.321,44.569,511.045,464.191,-1.178,-3.857,2.449,1.592,2.122,-0.205,-2214.000,2311.000,3678.000,-0.467,0.204,-0.822,0.253,3.100,7.750
1317.979,3,3,-0.354,1.790,458.952,0.365,7.156,-16.709,1.744,14.074,-8.674,0.0000000,0.0000000,0.000,0.000,0.000,0.000,0,00:00:00,954.087,44.556,504.350,457.496,-0.761,-8.526,-14.251,0.533,2.126,0.861,-2852.000,2100.000,3988.000,-0.255,0.247,-0.887,0.297,3.194,7.984
1318.180,3,3,-0.001,1.915,452.861,3.152,4.940,-16.162,13.866,-7.204,13.448,0.0000000,0.0000000,0.000,0.000,0.000,0.000,0,00:00:00,955.024,44.548,496.168,449.314,-1.142,-7.973,18.977,-0.226,-0.803,0.196,-3502.000,1802.000,3835.000,-0.326,0.247,-0.852,0.327,3.106,7.766
1318.381,3,3,0.581,1.721,449.020,5.917,2.871,-16.545,14.916,-6.858,0.226,0.0000000,0.0000000,0.000,0.000,0.000,0.000,0,00:00:00,955.138,44.557,495.169,448.315,-4.180,-6.637,14.423,0.701,-3.121,0.371,-2995.000,1626.000,4486.000,-0.533,0.093,-0.719,0.437,3.103,7.758
1318.582,3,3,1.139,1.287,446.268,6.090,0.097,-17.316,3.131,-11.233,-6.343,0.0000000,0.0000000,0.000,0.000,0.000,0.000,0,00:00:00,955.278,44.554,493.951,447.097,-7.779,-5.366,9.323,1.949,-3.824,1.918,-1527.000,839.000,5593.000,-0.638,-0.101,-0.406,0.646,3.148,7.871
1318.783,3,3,1.357,0.810,438.279,3.755,-0.262,-20.279,-8.910,-0.169,1.464,0.0000000,0.0000000,0.000,0.000,0.000,0.000,0,00:00:00,956.903,44.543,479.775,432.921,-7.564,0.007,4.935,4.065,-1.442,3.876,71.000,-734.000,5631.000,-0.276,0.195,0.097,0.936,3.187,7.968
1318.984,3,3,1.049,0.570,432.537,-0.878,1.110,-20.808,-20.957,7.964,3.572,0.0000000,0.0000000,0.000,0.000,0.000,0.000,0,00:00:00,957.183,44.558,477.338,430.484,-7.413,-2.097,21.355,4.208,2.785,2.936,-172.000,-1667.000,5684.000,0.128,0.498,0.184,0.837,3.103,7.758
1319.185,3,3,0.421,0.468,428.559,-2.977,0.518,-19.348,-9.599,-2.012,7.046,0.0000000,0.0000000,0.000,0.000,0.000,0.000,0,00:00:00,957.395,44.557,475.485,428.631,0.941,-7.923,9.065,1.698,-0.373,-0.219,-573.000,-3309.000,4630.000,0.262,0.494,0.075,0.826,3.171,7.927
1319.386,3,3,-0.155,0.434,424.850,-3.636,1.611,-18.576,-3.591,6.304,3.441,0.0000000,0.0000000,0.000,0.000,0.000,0.000,0,00:00:00,957.814,44.559,471.836,424.982,-0.704,5.107,6.156,-1.690,-1.911,-1.080,-504.000,-3650.000,4339.000,0.104,0.318,0.029,0.942,3.171,7.927
1322.747,3,3,-13.186,24.932,351.718,-3.609,12.006,-25.141,-1.566,6.069,-1.606,0.0000000,0.0000000,0.000,0.000,0.000,0.000,0,00:00:00,966.479,44.506,396.651,349.797,-3.390,4.173,3.599,1.777,-0.558,2.621,-1081.000,-4071.000,2985.000,0.340,0.231,0.203,0.889,3.200,8.000
1322.948,3,3,-1.189,2.337,334.213,-0.219,5.294,-28.968,0.365,-0.958,-2.426,0.0000000,0.0000000,0.000,0.000,0.000,0.000,0,00:00:00,968.361,44.506,380.398,333.544,-0.165,0.812,-2.500,-0.545,-1.129,0.413,10.000,-3806.000,1909.000,0.321,0.105,0.212,0.917,3.171,7.927
1323.149,3,3,-0.535,1.662,331.508,0.920,6.009,-29.832,4.930,5.849,-8.416,0.0000000,0.0000000,0.000,0.000,0.000,0.000,0,00:00:00,968.295,44.511,380.962,334.108,2.119,2.378,-10.918,-0.867,-0.034,-2.214,-400.000,-4059.000,1996.000,-0.168,0.150,-0.020,0.974,3.200,8.000
1323.350,3,3,-0.233,1.871,329.027,0.522,8.598,-31.567,-2.190,14.573,-13.944,0.0000000,0.0000000,0.000,0.000,0.000,0.000,0,00:00:00,968.357,44.503,380.435,333.581,1.250,17.095,-10.853,2.964,2.120,-2.548,-1949.000,-3925.000,1766.000,0.080,0.281,-0.318,0.902,3.174,7.935
1323.551,3,3,-0.169,2.225,325.881,-0.797,7.044,-30.009,-6.712,-5.797,2.263,0.0000000,0.0000000,0.000,0.000,0.000,0.000,0,00:00:00,968.749,44.504,377.044,330.190,0.136,5.617,-7.226,6.517,0.364,-2.041,-2533.000,-1268.000,-244.000,-0.056,-0.567,-0.722,0.392,3.148,7.871
1323.752,3,3,-0.220,2.323,323.007,-0.818,5.556,-27.268,-0.318,-5.148,7.161,0.0000000,0.0000000,0.000,0.000,0.000,0.000,0,00:00:00,969.093,44.492,374.080,327.226,-1.121,-5.545,-6.773,6.462,-0.906,0.262,-2610.000,2200.000,2045.000,0.053,-0.988,0.025,0.143,3.168,7.919
1323.953,3,3,-0.251,2.194,322.430,-0.716,3.904,-24.378,0.223,-5.746,2.077,0.0000000,0.0000000,0.000,0.000,0.000,0.000,0,00:00:00,968.874,44.491,375.970,329.117,-0.646,-5.804,1.810,2.800,0.181,1.270,-3010.000,1388.000,4728.000,-0.031,-0.942,0.307,0.136,3.126,7.815
1324.154,3,3,-0.265,1.835,319.363,-0.736,1.586,-22.823,-0.440,-9.148,2.686,0.0000000,0.0000000,0.000,0.000,0.000,0.000,0,00:00:00,969.730,44.482,368.588,321.734,-3.836,-4.698,7.370,-3.273,-0.002,1.434,-3514.000,640.000,4941.000,-0.224,-0.781,0.580,-0.052,3.119,7.798
1324.355,3,3,-0.127,1.323,314.391,1.473,-0.006,-21.877,10.802,-5.981,6.276,0.0000000,0.0000000,0.000,0.000,0.000,0.000,0,00:00:00,970.659,44.490,360.584,313.730,-7.427,-2.564,-11.406,-8.326,-0.718,0.520,-3917.000,1746.000,2642.000,-0.137,-0.958,-0.044,-0.249,3.103,7.758
1324.556,3,3,0.177,0.831,305.670,2.465,-0.591,-21.523,5.219,-1.573,16.863,0.0000000,0.0000000,0.000,0.000,0.000,0.000,0,00:00:00,972.277,44.484,346.653,299.799,-3.836,5.603,-16.370,0.068,2.482,2.116,-3837.000,503.000,765.000,-0.314,-0.942,-0.118,-0.001,3.190,7.976
1324.757,3,3,0.287,0.331,299.504,0.156,-2.625,-23.115,-10.992,-9.550,-1.879,0.0000000,0.0000000,0.000,0.000,0.000,0.000,0,00:00:00,972.570,44.490,344.133,297.279,-0.733,-12.685,-7.355,0.215,3.594,1.244,-2500.000,73.000,-227.000,-0.364,-0.846,-0.197,0.335,3.148,7.871
1324.958,3,3,0.194,-0.186,296.594,-0.036,-3.533,-22.885,-0.605,-4.857,-5.166,0.0000000,0.0000000,0.000,0.000,0.000,0.000,0,00:00:00,972.389,44.483,345.686,298.832,-0.848,-7.054,-0.409,-1.174,1.410,-1.430,-635.000,-594.000,-342.000,-0.248,-0.807,-0.385,0.374,3.100,7.750
1325.159,3,3,0.128,-0.587,290.395,0.085,-3.670,-23.130,0.842,-1.780,4.672,0.0000000,0.0000000,0.000,0.000,0.000,0.000,0,00:00:00,973.607,44.483,335.209,288.355,-2.579,3.491,-2.622,-1.112,-0.292,-2.665,-353.000,-1787.000,-190.000,-0.082,-0.807,-0.545,0.211,3.139,7.847
1325.360,3,3,0.079,-0.630,288.173,-0.131,-0.248,-19.412,-0.923,15.820,10.735,0.0000000,0.0000000,0.000,0.000,0.000,0.000,0,00:00:00,973.321,44.491,337.672,290.818,-2.248,18.927,-1.760,3.848,-2.427,-3.537,-2068.000,-1751.000,-267.000,0.132,-0.951,-0.250,-0.126,3.129,7.823
1325.561,3,3,0.046,-0.360,283.268,0.055,0.916,-15.596,1.015,5.087,24.265,0.0000000,0.0000000,0.000,0.000,0.000,0.000,0,00:00:00,974.407,44.491,328.342,281.488,-0.991,-13.073,-21.067,7.287,2.286,0.516,-3094.000,285.000,9.000,0.038,-0.928,0.370,0.006,3.152,7.879
1325.762,3,3,0.042,-0.192,282.169,0.149,-0.314,-12.527,0.551,-6.495,8.667,0.0000000,0.0000000,0.000,0.000,0.000,0.000,0,00:00:00,974.070,44.484,331.232,284.378,1.623,-6.982,8.138,2.471,0.942,-1.883,-2947.000,2340.000,2739.000,0.104,-0.608,0.771,0.159,3.187,7.968
1325.963,3,3,0.054,-0.150,279.690,0.271,-0.110,-11.847,0.716,0.716,3.494,0.0000000,0.0000000,0.000,0.000,0.000,0.000,0,00:00:00,974.621,44.474,326.506,279.652,0.029,-3.290,1.551,1.981,-0.825,-0.473,-1686.000,2063.000,4337.000,0.223,-0.453,0.855,0.122,3.129,7.823
1326.164,3,3,0.083,-0.009,277.124,0.478,1.456,-10.578,1.190,7.773,7.510,0.0000000,0.0000000,0.000,0.000,0.000,0.000,0,00:00:00,974.961,44.477,323.581,276.727,-0.510,-10.825,0.898,5.120,1.764,0.731,-918.000,992.000,5282.000,0.056,-0.339,0.939,-0.009,3.181,7.952
1326.365,3,3,0.081,0.018,270.943,-0.034,-1.086,-10.745,-2.386,-12.609,14.685,0.0000000,0.0000000,0.000,0.000,0.000,0.000,0,00:00:00,976.235,44.467,312.650,265.796,6.199,14.703,11.212,3.633,-4.172,0.837,-1660.000,-1709.000,5773.000,0.363,0.001,0.906,-0.218,3.165,7.911
1326.566,3,3,0.012,-0.130,262.875,-0.590,-1.125,-15.888,-2.738,-0.453,-4.866,0.0000000,0.0000000,0.000,0.000,0.000,0.000,0,00:00:00,977.377,44.477,302.862,256.008,2.399,0.445,-5.042,4.634,3.079,1.837,485.000,-3509.000,3809.000,-0.014,0.248,0.843,-0.477,3.116,7.790
1326.767,3,3,-0.160,-0.231,259.446,-2.021,-1.189,-15.658,-7.438,-0.781,2.137,0.0000000,0.0000000,0.000,0.000,0.000,0.000,0,00:00:00,977.014,44.475,305.971,259.117,0.345,6.026,4.906,1.383,4.044,-1.606,1038.000,-3367.000,3173.000,-0.419,0.154,0.800,-0.400,3.084,7.710
1326.968,3,3,-0.525,-0.291,255.045,-4.580,-1.060,-17.270,-13.779,0.062,-3.821,0.0000000,0.0000000,0.000,0.000,0.000,0.000,0,00:00:00,977.652,44.468,300.510,253.656,-0.740,11.694,8.196,0.601,3.134,1.121,-408.000,-3919.000,3694.000,-0.641,0.117,0.582,-0.486,3.158,7.895
1327.169,3,3,-0.974,-0.333,249.507,-5.403,-1.235,-20.023,-6.039,-1.535,-6.811,0.0000000,0.0000000,0.000,0.000,0.000,0.000,0,00:00:00,978.403,44.477,294.082,247.228,-0.488,9.187,0.761,0.524,2.465,0.699,-793.000,-4008.000,3557.000,-0.717,0.143,0.323,-0.601,3.174,7.935
1327.370,3,3,-1.344,-0.060,247.424,-5.892,3.617,-16.668,-5.117,24.018,10.521,0.0000000,0.0000000,0.000,0.000,0.000,0.000,0,00:00:00,978.141,44.467,296.320,249.466,-5.560,21.383,15.019,-6.820,-0.935,5.092,-750.000,-3971.000,3796.000,-0.155,0.261,0.138,-0.943,3.123,7.806
1327.571,3,3,-1.471,0.323,239.643,-3.691,2.013,-21.326,8.015,-7.334,-7.930,0.0000000,0.0000000,0.000,0.000,0.000,0.000,0,00:00:00,979.879,44.461,281.454,234.600,-6.307,-11.076,4.295,-5.793,-8.669,-3.707,1174.000,36.000,4261.000,0.277,0.631,0.518,-0.506,3.148,7.871
1327.772,3,3,-1.244,0.243,235.290,-1.102,-1.427,-19.520,10.399,-16.627,9.942,0.0000000,0.0000000,0.000,0.000,0.000,0.000,0,00:00:00,979.835,44.468,281.828,234.974,-6.738,16.470,-12.915,-3.243,-0.138,-10.159,-1103.000,-2338.000,-157.000,-0.132,0.514,0.843,0.081,3.110,7.774
1327.973,3,3,-0.869,-0.114,229.309,-0.088,-2.766,-17.774,3.311,-6.891,17.274,0.0000000,0.0000000,0.000,0.000,0.000,0.000,0,00:00:00,980.830,44.472,273.322,226.468,-3.002,13.181,-13.195,3.473,2.751,-1.244,-3428.000,-529.000,183.000,-0.363,0.739,0.562,0.082,3.110,7.774
1328.174,3,3,-0.489,-0.447,227.488,1.105,-3.077,-15.991,4.961,-2.437,2.820,0.0000000,0.0000000,0.000,0.000,0.000,0.000,0,00:00:00,980.477,44.476,276.343,229.489,-0.761,-5.509,-2.751,6.547,3.697,-0.390,-1775.000,1763.000,985.000,-0.436,0.897,-0.047,0.055,3.187,7.968
1328.375,3,3,-0.111,-0.719,227.069,2.020,-3.704,-14.282,4.328,-4.555,-1.589,0.0000000,0.0000000,0.000,0.000,0.000,0.000,0,00:00:00,980.369,44.481,277.261,230.407,-0.848,-1.465,6.256,5.527,2.755,-1.513,-1502.000,1632.000,4845.000,-0.446,0.692,-0.567,0.035,3.190,7.976
1328.576,3,3,0.245,-0.943,222.531,2.913,-3.870,-14.018,4.934,-2.707,7.831,0.0000000,0.0000000,0.000,0.000,0.000,0.000,0,00:00:00,981.544,44.480,267.230,220.376,-0.682,-0.761,9.589,3.343,1.749,-2.516,-2755.000,-1329.000,5478.000,-0.224,0.210,-0.949,-0.065,3.155,7.887
1328.777,3,3,0.585,-1.061,217.049,3.783,-3.314,-15.426,5.494,0.645,2.705,0.0000000,0.0000000,0.000,0.000,0.000,0.000,0,00:00:00,982.310,44.484,260.691,213.837,-3.211,2.220,4.762,2.359,0.475,-2.538,-4122.000,-1733.000,4251.000,-0.234,-0.070,-0.937,-0.249,3.184,7.960
1328.978,3,3,0.990,-1.119,212.883,5.856,-3.595,-16.435,12.290,-3.631,-1.311,0.0000000,0.0000000,0.000,0.000,0.000,0.000,0,00:00:00,982.565,44.472,258.510,211.656,-7.298,8.720,6.055,-5.823,0.198,0.134,-4606.000,-730.000,3740.000,-0.062,0.410,-0.852,-0.321,3.097,7.742
1329.179,3,3,1.497,-1.221,208.465,7.668,-4.341,-17.849,12.001,-6.151,-3.294,0.0000000,0.0000000,0.000,0.000,0.000,0.000,0,00:00:00,983.084,44.471,254.082,207.228,-6.551,-5.560,10.904,-5.817,-6.292,0.109,-4627.000,-81.000,3778.000,-0.309,0.841,-0.439,-0.068,3.135,7.839
1329.380,3,3,2.175,-1.332,206.912,11.394,-4.299,-15.200,22.879,-2.445,6.377,0.0000000,0.0000000,0.000,0.000,0.000,0.000,0,00:00:00,982.858,44.475,256.016,209.162,-2.069,-23.488,-3.757,-2.141,-3.558,-2.774,-2209.000,1642.000,4734.000,-0.612,0.781,-0.116,0.039,3.148,7.871
1329.581,3,3,2.863,-1.299,201.684,11.666,-2.727,-16.353,7.070,5.228,2.173,0.0000000,0.0000000,0.000,0.000,0.000,0.000,0,00:00:00,984.042,44.463,245.921,199.067,1.781,-8.081,-3.685,1.743,-0.876,-4.148,502.000,1335.000,4049.000,-0.802,0.444,-0.285,0.281,3.181,7.952
1329.782,3,3,3.275,-1.178,194.509,10.976,-2.745,-18.229,3.102,-2.444,4.907,0.0000000,0.0000000,0.000,0.000,0.000,0.000,0,00:00:00,985.130,44.466,236.655,189.801,5.545,2.945,0.503,0.842,0.482,-4.937,1757.000,-1479.000,3982.000,-0.879,0.034,-0.446,0.166,3.145,7.863
1329.983,3,3,3.364,-1.139,190.341,8.960,-3.310,-18.014,-3.313,-5.084,3.091,0.0000000,0.0000000,0.000,0.000,0.000,0.000,0,00:00:00,985.145,44.458,236.527,189.673,-3.297,5.624,1.968,2.114,-5.925,1.947,525.000,-3715.000,3403.000,-0.920,0.010,0.083,0.383,3.145,7.863
1330.184,3,3,3.357,-1.029,187.443,9.972,-1.420,-17.665,11.734,7.352,-0.908,0.0000000,0.0000000,0.000,0.000,0.000,0.000,0,00:00:00,985.304,44.465,235.171,188.317,-0.259,0.323,-13.870,4.387,-2.452,4.464,128.000,-2454.000,251.000,-0.603,0.301,0.395,0.624,3.123,7.806
1330.385,3,3,3.536,-0.981,184.597,11.841,-3.663,-17.495,16.358,-13.118,-1.798,0.0000000,0.0000000,0.000,0.000,0.000,0.000,0,00:00:00,985.639,44.468,232.325,185.471,6.924,-16.032,-11.744,5.817,3.109,0.920,-967.000,1214.000,391.000,-0.279,0.650,0.074,0.703,3.135,7.839
1330.586,3,3,3.588,-1.189,183.481,8.984,-5.141,-14.995,-7.056,-9.726,4.167,0.0000000,0.0000000,0.000,0.000,0.000,0.000,0,00:00:00,985.551,44.458,233.071,186.217,3.886,-7.542,9.474,3.601,2.182,-0.160,-777.000,2163.000,3693.000,-0.048,0.761,-0.214,0.611,3.126,7.815
1330.787,3,3,3.266,-1.457,181.158,6.309,-5.774,-13.183,-6.789,-6.061,7.052,0.0000000,0.0000000,0.000,0.000,0.000,0.000,0,00:00:00,986.070,44.461,228.660,181.806,5.631,-5.991,8.059,1.617,1.557,0.166,-1325.000,788.000,5509.000,0.031,0.752,-0.429,0.499,3.174,7.935
1330.988,3,3,2.736,-2.194,175.351,3.903,-13.982,-11.011,-6.510,-45.211,23.797,0.0000000,0.0000000,0.000,0.000,0.000,0.000,0,00:00:00,987.334,44.452,217.908,171.054,-33.537,-35.986,15.264,2.084,5.286,1.466,-2166.000,435.000,5623.000,0.407,0.795,-0.428,0.136,3.139,7.847
1331.189,3,3,2.444,-3.219,169.204,7.033,-14.442,-9.800,20.451,-8.715,21.634,0.0000000,0.0000000,0.000,0.000,0.000,0.000,0,00:00:00,988.160,44.451,210.896,164.042,-14.560,-11.514,24.853,6.613,0.665,-8.691,-4610.000,-196.000,3358.000,-0.112,0.590,-0.705,-0.376,3.155,7.887
1331.390,3,3,2.309,-3.886,165.087,4.703,-14.206,-11.115,-6.984,-6.582,1.207,0.0000000,0.0000000,0.000,0.000,0.000,0.000,0,00:00:00,988.339,44.460,209.377,162.523,-1.279,-7.887,5.452,11.443,4.206,-4.432,-1594.000,2259.000,2026.000,-0.025,-0.488,-0.116,-0.865,3.190,7.976
1331.591,3,3,1.985,-4.195,162.099,3.303,-12.613,-12.346,-3.005,-0.449,-3.699,0.0000000,0.0000000,0.000,0.000,0.000,0.000,0,00:00:00,988.483,44.457,208.152,161.298,-3.706,-1.099,2.823,-4.157,2.376,-3.680,53.000,99.000,5367.000,0.464,-0.560,-0.006,-0.686,3.113,7.782
1331.792,3,3,1.755,-4.330,160.075,4.344,-13.249,-13.530,8.682,-11.804,-8.105,0.0000000,0.0000000,0.000,0.000,0.000,0.000,0,00:00:00,988.541,44.454,207.662,160.808,-9.869,-12.599,4.927,2.584,4.528,0.678,-739.000,1645.000,4685.000,0.222,-0.800,0.267,-0.489,3.165,7.911
1331.993,3,3,1.720,-4.470,157.944,5.050,-13.451,-14.677,6.947,-9.926,-8.422,0.0000000,0.0000000,0.000,0.000,0.000,0.000,0,00:00:00,988.772,44.451,205.695,158.841,-9.173,-4.396,10.688,1.310,0.682,-3.158,-2298.000,-418.000,5755.000,0.371,-0.688,0.512,-0.358,3.126,7.815
1332.194,3,3,1.812,-4.516,156.426,6.125,-12.586,-13.505,8.962,-4.713,0.778,0.0000000,0.0000000,0.000,0.000,0.000,0.000,0,00:00:00,988.860,44.451,204.951,158.097,-5.344,-7.463,4.346,0.518,0.720,-2.895,-2433.000,834.000,5394.000,0.278,-0.569,0.678,-0.373,3.145,7.863
1332.395,3,3,1.945,-4.443,155.389,6.215,-11.836,-11.950,4.329,-5.133,1.883,0.0000000,0.0000000,0.000,0.000,0.000,0.000,0,00:00:00,988.951,44.447,204.180,157.326,-1.551,-3.994,5.502,-1.421,1.560,-0.993,-1984.000,472.000,5590.000,0.275,-0.678,0.660,-0.173,3.181,7.952
1332.596,3,3,2.045,-4.290,154.619,6.362,-10.930,-9.314,4.816,-4.056,7.854,0.0000000,0.0000000,0.000,0.000,0.000,0.000,0,00:00:00,989.065,44.455,203.213,156.359,-5.164,-7.032,5.021,1.549,2.344,0.931,-2780.000,1436.000,4761.000,-0.066,-0.550,0.810,-0.190,3.187,7.968
1332.797,3,3,2.128,-4.116,153.779,6.509,-10.652,-6.671,4.980,-6.832,10.199,0.0000000,0.0000000,0.000,0.000,0.000,0.000,0,00:00:00,989.254,44.447,201.609,154.755,-8.188,-7.104,7.614,0.081,1.253,-0.381,-3933.000,638.000,4462.000,-0.147,-0.565,0.807,-0.089,3.094,7.734
1332.998,3,3,2.220,-3.970,153.079,6.979,-10.365,-4.255,6.768,-6.493,10.487,0.0000000,0.0000000,0.000,0.000,0.000,0.000,0,00:00:00,989.392,44.440,200.439,153.585,-7.506,-9.072,7.700,-0.594,-0.680,-0.780,-3874.000,822.000,4257.000,-0.042,-0.614,0.785,-0.073,3.106,7.766
1333.199,3,3,2.292,-3.803,152.550,6.720,-9.513,-2.706,3.285,-3.353,7.051,0.0000000,0.0000000,0.000,0.000,0.000,0.000,0,00:00:00,989.488,44.443,199.621,152.767,-3.556,-6.120,4.654,0.053,-0.513,0.379,-3457.000,1264.000,4392.000,-0.057,-0.560,0.810,-0.164,3.161,7.903
1333.400,3,3,2.300,-3.629,152.033,6.382,-9.299,-1.121,2.909,-6.178,8.394,0.0000000,0.0000000,0.000,0.000,0.000,0.000,0,00:00:00,989.595,44.445,198.718,151.864,-5.294,-6.163,7.147,-0.247,-0.107,1.257,-3620.000,924.000,4551.000,-0.124,-0.483,0.811,-0.305,3.171,7.927
1333.601,3,3,2.249,-3.546,151.433,5.841,-9.949,-0.251,1.796,-10.307,6.109,0.0000000,0.0000000,0.000,0.000,0.000,0.000,0,00:00:00,989.715,44.437,197.698,150.845,-6.271,-6.292,8.239,-1.508,-0.332,1.059,-4112.000,715.000,4318.000,-0.101,-0.572,0.698,-0.418,3.165,7.911
1333.802,3,3,2.161,-3.547,150.813,5.526,-10.152,0.272,2.747,-8.093,4.992,0.0000000,0.0000000,0.000,0.000,0.000,0.000,0,00:00:00,989.812,44.444,196.876,150.022,-5.215,-6.184,5.703,-0.539,-0.381,0.805,-4285.000,679.000,3902.000,-0.065,-0.523,0.678,-0.513,3.187,7.968
1334.003,3,3,2.043,-3.581,150.180,4.865,-10.468,1.690,0.790,-8.720,10.253,0.0000000,0.0000000,0.000,0.000,0.000,0.000,0,00:00:00,989.918,44.443,195.977,149.123,-6.206,-7.506,9.323,1.564,-0.217,0.684,-4336.000,-184.000,4367.000,-0.164,-0.395,0.715,-0.553,3.148,7.871
1334.204,3,3,1.919,-3.631,149.505,4.773,-10.590,1.967,3.375,-7.853,5.390,0.0000000,0.0000000,0.000,0.000,0.000,0.000,0,00:00:00,990.029,44.448,195.032,148.178,-5.516,-6.659,5.229,-0.716,-0.100,0.317,-4407.000,-339.000,4256.000,-0.075,-0.464,0.682,-0.560,3.123,7.806
1337.573,3,3,26.007,-51.734,166.532,8.501,-15.927,4.758,4.203,-7.745,6.639,0.0000000,0.0000000,0.000,0.000,0.000,0.000,0,00:00:00,991.664,44.470,181.178,134.324,-6.314,-6.515,6.278,0.603,0.107,-0.986,-4342.000,712.000,3515.000,-0.077,-0.441,0.754,-0.480,3.194,7.984
1337.774,3,3,2.370,-4.690,135.336,2.824,-3.900,-2.474,4.710,-5.391,7.188,0.0000000,0.0000000,0.000,0.000,0.000,0.000,0,00:00:00,991.750,44.472,180.454,133.600,-5.064,-6.702,5.689,0.320,-0.038,-0.963,-3960.000,1214.000,3628.000,-0.063,-0.442,0.798,-0.405,3.110,7.774
1337.975,3,3,1.426,-2.626,133.789,3.253,-4.058,-1.372,4.095,-4.394,6.972,0.0000000,0.0000000,0.000,0.000,0.000,0.000,0,00:00:00,991.839,44.478,179.701,132.847,-4.295,-6.371,5.064,0.047,0.243,-0.236,-3685.000,1512.000,3720.000,-0.075,-0.459,0.803,-0.373,3.184,7.960
1338.176,3,3,1.282,-2.090,132.939,3.892,-4.583,0.089,4.337,-4.501,8.302,0.0000000,0.0000000,0.000,0.000,0.000,0.000,0,00:00:00,991.933,44.479,178.904,132.050,-4.848,-7.427,5.416,0.507,0.281,0.396,-3757.000,1500.000,3711.000,-0.108,-0.454,0.805,-0.367,3.194,7.984
1338.377,3,3,1.384,-1.998,132.175,4.657,-5.388,1.318,5.006,-5.739,7.747,0.0000000,0.0000000,0.000,0.000,0.000,0.000,0,00:00:00,992.070,44.481,177.747,130.893,-5.294,-7.757,5.459,-0.251,-0.324,0.454,-4073.000,1251.000,3749.000,-0.079,-0.474,0.776,-0.408,3.168,7.919
1338.578,3,3,1.589,-2.112,131.503,5.350,-6.323,2.008,4.987,-6.699,5.693,0.0000000,0.0000000,0.000,0.000,0.000,0.000,0,00:00:00,992.172,44.481,176.883,130.029,-4.978,-6.960,5.380,-0.554,-0.882,0.277,-4082.000,1165.000,3830.000,-0.011,-0.480,0.737,-0.477,3.165,7.911
1338.779,3,3,1.818,-2.339,130.903,5.819,-7.383,2.258,4.384,-7.912,3.988,0.0000000,0.0000000,0.000,0.000,0.000,0.000,0,00:00:00,992.245,44.484,176.266,129.412,-5.071,-6.544,5.402,-0.452,-0.869,0.626,-3949.000,1111.000,4033.000,0.033,-0.472,0.676,-0.565,3.187,7.968
1338.980,3,3,2.009,-2.639,130.282,5.992,-8.630,2.276,3.473,-9.636,3.330,0.0000000,0.0000000,0.000,0.000,0.000,0.000,0,00:00:00,992.322,44.480,175.614,128.760,-5.021,-7.118,6.335,-0.450,-0.756,1.074,-4073.000,883.000,4164.000,0.077,-0.451,0.595,-0.660,3.110,7.774
1339.181,3,3,2.115,-2.988,129.582,5.744,-9.919,1.921,1.866,-10.789,1.907,0.0000000,0.0000000,0.000,0.000,0.000,0.000,0,00:00:00,992.407,44.492,174.890,128.036,-5.179,-7.334,6.551,-0.454,-0.656,1.223,-3962.000,409.000,4428.000,0.111,-0.435,0.493,-0.745,3.097,7.742
1339.382,3,3,2.109,-3.339,128.768,5.107,-10.867,1.024,0.221,-10.088,-0.617,0.0000000,0.0000000,0.000,0.000,0.000,0.000,0,00:00:00,992.497,44.491,174.128,127.274,-4.899,-6.788,5.667,-0.733,-0.761,1.242,-3923.000,58.000,4666.000,0.185,-0.418,0.370,-0.808,3.190,7.976
1339.583,3,3,1.997,-3.646,127.942,4.361,-11.508,-0.157,-0.272,-9.472,-2.591,0.0000000,0.0000000,0.000,0.000,0.000,0.000,0,00:00:00,992.561,44.483,173.586,126.732,-4.532,-7.140,4.999,-0.684,-0.705,0.874,-3654.000,-129.000,5021.000,0.268,-0.394,0.272,-0.836,3.110,7.774
1339.784,3,3,1.804,-3.896,126.918,3.466,-12.028,-1.694,-1.189,-9.642,-4.561,0.0000000,0.0000000,0.000,0.000,0.000,0.000,0,00:00:00,992.669,44.488,172.678,125.824,-4.892,-8.109,5.050,-0.552,-0.424,0.846,-3607.000,-226.000,5140.000,0.327,-0.379,0.187,-0.845,3.135,7.839
1339.985,3,3,1.549,-4.099,125.783,2.496,-12.466,-3.291,-1.924,-9.853,-5.573,0.0000000,0.0000000,0.000,0.000,0.000,0.000,0,00:00:00,992.771,44.487,171.816,124.962,-5.164,-8.950,5.006,-0.179,-0.217,0.507,-3446.000,-398.000,5253.000,0.338,-0.376,0.136,-0.852,3.116,7.790
1340.186,3,3,1.272,-4.246,124.579,1.796,-12.528,-4.785,-1.044,-8.447,-5.949,0.0000000,0.0000000,0.000,0.000,0.000,0.000,0,00:00:00,992.876,44.489,170.926,124.072,-4.698,-8.267,4.173,-0.113,-0.104,-0.026,-3305.000,-451.000,5327.000,0.383,-0.362,0.145,-0.838,3.155,7.887
1340.387,3,3,1.019,-4.329,123.475,1.383,-12.468,-5.856,-0.068,-8.128,-5.197,0.0000000,0.0000000,0.000,0.000,0.000,0.000,0,00:00:00,992.952,44.493,170.285,123.431,-4.338,-7.564,4.130,0.128,0.341,-0.411,-3273.000,-389.000,5393.000,0.384,-0.371,0.198,-0.822,3.100,7.750
1340.588,3,3,0.814,-4.386,122.369,1.141,-12.720,-6.458,0.394,-9.875,-3.498,0.0000000,0.0000000,0.000,0.000,0.000,0.000,0,00:00:00,993.057,44.478,169.392,122.538,-4.820,-7.463,5.567,0.473,0.801,-0.584,-3384.000,-501.000,5200.000,0.324,-0.392,0.291,-0.811,3.190,7.976
1340.789,3,3,0.664,-4.445,121.292,1.100,-12.889,-6.451,1.110,-9.629,-0.809,0.0000000,0.0000000,0.000,0.000,0.000,0.000,0,00:00:00,993.171,44.493,168.427,121.573,-4.798,-6.156,5.804,0.744,1.093,-0.986,-3923.000,-316.000,4886.000,0.227,-0.415,0.421,-0.774,3.126,7.815
1340.990,3,3,0.567,-4.484,120.403,1.132,-12.801,-5.859,1.285,-8.460,1.605,0.0000000,0.0000000,0.000,0.000,0.000,0.000,0,00:00:00,993.257,44.488,167.702,120.848,-4.834,-4.561,5.624,1.080,1.057,-1.253,-4253.000,-197.000,4464.000,0.104,-0.417,0.563,-0.706,3.161,7.903
1341.191,3,3,0.535,-4.491,119.653,1.581,-12.649,-4.675,3.296,-8.178,4.708,0.0000000,0.0000000,0.000,0.000,0.000,0.000,0,00:00:00,993.352,44.496,166.899,120.045,-5.394,-5.481,6.386,1.208,0.663,-1.611,-4348.000,404.000,4069.000,0.012,-0.398,0.700,-0.593,3.181,7.952
1341.392,3,3,0.591,-4.455,119.066,2.310,-12.188,-3.212,4.805,-6.585,6.489,0.0000000,0.0000000,0.000,0.000,0.000,0.000,0,00:00:00,993.437,44.502,166.182,119.328,-5.042,-6.328,6.565,0.222,0.362,-1.589,-3924.000,955.000,4162.000,-0.005,-0.413,0.778,-0.473,3.097,7.742
1341.593,3,3,0.714,-4.355,118.573,2.950,-11.452,-1.844,4.607,-5.018,6.746,0.0000000,0.0000000,0.000,0.000,0.000,0.000,0,00:00:00,993.524,44.511,165.446,118.592,-4.927,-6.034,5.588,0.275,0.413,-1.004,-3711.000,1506.000,4048.000,-0.053,-0.428,0.814,-0.389,3.181,7.952
1341.794,3,3,0.864,-4.197,118.091,3.432,-10.732,-0.655,4.121,-4.790,6.804,0.0000000,0.0000000,0.000,0.000,0.000,0.000,0,00:00:00,993.618,44.497,164.653,117.799,-4.949,-5.940,5.143,0.047,0.234,-0.198,-3337.000,1644.000,3991.000,-0.092,-0.446,0.810,-0.370,3.103,7.758
1341.995,3,3,1.011,-4.009,117.498,3.758,-10.103,0.399,3.637,-4.875,7.425,0.0000000,0.0000000,0.000,0.000,0.000,0.000,0,00:00:00,993.739,44.493,163.629,116.775,-4.252,-6.443,5.703,-0.130,0.032,0.403,-3369.000,1655.000,4048.000,-0.084,-0.450,0.797,-0.394,3.161,7.903
1342.196,3,3,1.140,-3.826,116.898,3.987,-9.730,1.148,3.414,-5.775,6.631,0.0000000,0.0000000,0.000,0.000,0.000,0.000,0,00:00:00,993.838,44.493,162.792,115.938,-4.267,-6.263,5.617,-0.143,-0.183,1.140,-3777.000,1500.000,3887.000,-0.071,-0.446,0.756,-0.474,3.187,7.968
1342.397,3,3,1.252,-3.702,116.109,4.207,-9.994,1.463,3.595,-8.703,5.613,0.0000000,0.0000000,0.000,0.000,0.000,0.000,0,00:00:00,993.976,44.493,161.624,114.770,-5.718,-7.010,6.192,-0.345,-0.626,1.327,-4149.000,1001.000,3975.000,-0.039,-0.444,0.679,-0.583,3.094,7.734
1342.598,3,3,1.346,-3.670,115.321,4.357,-10.467,1.249,3.433,-9.680,3.017,0.0000000,0.0000000,0.000,0.000,0.000,0.000,0,00:00:00,994.071,44.498,160.825,113.971,-5.502,-6.953,5.998,-0.562,-1.427,0.810,-4055.000,604.000,4403.000,0.068,-0.426,0.595,-0.678,3.090,7.726
1342.799,3,3,1.402,-3.695,114.560,4.138,-10.700,0.602,1.711,-8.528,0.427,0.0000000,0.0000000,0.000,0.000,0.000,0.000,0,00:00:00,994.144,44.493,160.208,113.354,-4.022,-6.098,4.741,-0.739,-1.344,1.449,-3607.000,393.000,4903.000,0.167,-0.403,0.448,-0.781,3.177,7.944
1343.000,3,3,1.376,-3.744,113.630,3.388,-11.000,-0.392,-0.990,-8.966,-1.286,0.0000000,0.0000000,0.000,0.000,0.000,0.000,0,00:00:00,994.254,44.493,159.273,112.419,-4.137,-6.328,5.085,-0.562,-1.106,1.913,-3439.000,61.000,5283.000,0.235,-0.368,0.268,-0.859,3.181,7.952
1343.201,3,3,1.213,-3.792,112.707,1.862,-10.951,-1.550,-5.171,-7.329,-2.960,0.0000000,0.0000000,0.000,0.000,0.000,0.000,0,00:00:00,994.330,44.502,158.636,111.782,-4.791,-6.077,5.416,-1.387,-1.570,1.807,-2809.000,-129.000,5538.000,0.334,-0.301,0.030,-0.893,3.135,7.839
1343.402,3,3,0.890,-3.785,111.729,-0.036,-10.412,-2.512,-7.666,-4.870,-2.595,0.0000000,0.0000000,0.000,0.000,0.000,0.000,0,00:00:00,994.422,44.502,157.858,111.005,-4.748,-6.278,5.222,-1.057,-1.890,1.438,-2188.000,322.000,5720.000,0.403,-0.189,-0.185,-0.876,3.135,7.839
1343.603,3,3,0.435,-3.678,110.645,-2.033,-9.351,-3.087,-9.068,-2.067,-0.856,0.0000000,0.0000000,0.000,0.000,0.000,0.000,0,00:00:00,994.543,44.498,156.836,109.982,-4.575,-6.371,5.071,-1.018,-1.837,1.489,-1584.000,998.000,5321.000,0.444,-0.074,-0.391,-0.803,3.119,7.798
1343.804,3,3,-0.100,-3.442,109.478,-3.858,-7.790,-3.037,-9.278,0.898,2.376,0.0000000,0.0000000,0.000,0.000,0.000,0.000,0,00:00:00,994.686,44.496,155.629,108.775,-4.856,-6.486,5.186,-0.833,-2.007,1.675,-1373.000,1521.000,4861.000,0.442,0.041,-0.589,-0.675,3.174,7.935
1344.005,3,3,-0.634,-3.078,108.402,-5.037,-6.011,-2.386,-7.130,2.709,5.281,0.0000000,0.0000000,0.000,0.000,0.000,0.000,0,00:00:00,994.810,44.504,154.581,107.727,-4.712,-6.572,4.547,-0.807,-2.131,1.572,-1405.000,2040.000,4283.000,0.419,0.168,-0.739,-0.500,3.090,7.726
1344.206,3,3,-1.066,-2.632,107.454,-5.305,-4.453,-0.948,-3.462,2.497,9.512,0.0000000,0.0000000,0.000,0.000,0.000,0.000,0,00:00:00,994.935,44.508,153.527,106.673,-5.725,-6.888,5.337,-1.349,-2.263,1.736,-2041.000,2309.000,3638.000,0.369,0.289,-0.848,-0.247,3.177,7.944
1344.407,3,3,-1.309,-2.204,106.545,-4.527,-3.778,0.615,1.260,-1.039,11.142,0.0000000,0.0000000,0.000,0.000,0.000,0.000,0,00:00:00,995.082,44.499,152.285,105.432,-5.983,-6.615,6.874,-1.336,-2.478,1.592,-2861.000,2234.000,3370.000,0.240,0.374,-0.896,0.017,3.123,7.806
1344.608,3,3,-1.333,-1.892,105.619,-3.251,-3.824,1.570,3.688,-4.009,9.161,0.0000000,0.0000000,0.000,0.000,0.000,0.000,0,00:00:00,995.232,44.505,151.016,104.162,-5.337,-6.005,7.003,-0.923,-2.352,1.491,-3470.000,1835.000,3447.000,0.122,0.390,-0.872,0.269,3.148,7.871
1344.809,3,3,-1.190,-1.739,104.595,-2.066,-4.506,1.706,3.519,-6.861,5.885,0.0000000,0.0000000,0.000,0.000,0.000,0.000,0,00:00:00,995.385,44.506,149.725,102.872,-4.303,-5.581,6.666,-1.911,-1.892,1.609,-3774.000,1685.000,3573.000,-0.004,0.430,-0.750,0.503,3.094,7.734
1345.010,3,3,-0.954,-1.748,103.553,-0.988,-5.479,1.791,3.461,-8.333,5.781,0.0000000,0.0000000,0.000,0.000,0.000,0.000,0,00:00:00,995.514,44.507,148.635,101.781,-4.920,-6.860,6.601,0.927,-0.991,2.135,-4054.000,1190.000,3819.000,0.000,0.370,-0.661,0.652,3.090,7.726
1345.211,3,3,-0.707,-1.914,102.314,-0.563,-7.015,0.636,0.703,-11.460,-0.037,0.0000000,0.0000000,0.000,0.000,0.000,0.000,0,00:00:00,995.675,44.507,147.279,100.426,-6.400,-6.551,6.924,-2.327,-0.948,1.376,-4329.000,12.000,4330.000,-0.151,0.442,-0.466,0.752,3.194,7.984
1345.412,3,3,-0.502,-2.219,101.014,-0.233,-8.575,-0.906,0.638,-12.190,-2.775,0.0000000,0.0000000,0.000,0.000,0.000,0.000,0,00:00:00,995.797,44.516,146.249,99.395,-7.420,-7.872,6.299,-0.569,-1.602,0.292,-3975.000,-228.000,4627.000,-0.251,0.347,-0.389,0.816,3.177,7.944
1345.613,3,3,-0.337,-2.590,99.760,-0.034,-9.791,-2.351,0.318,-11.222,-3.618,0.0000000,0.0000000,0.000,0.000,0.000,0.000,0,00:00:00,995.893,44.512,145.433,98.580,-6.508,-7.427,6.450,-0.678,-1.545,-0.234,-3248.000,0.000,5316.000,-0.370,0.238,-0.340,0.831,3.097,7.742
1345.814,3,3,-0.247,-2.958,98.679,-0.467,-10.614,-3.153,-2.646,-9.996,-1.963,0.0000000,0.0000000,0.000,0.000,0.000,0.000,0,00:00:00,995.961,44.515,144.861,98.007,-5.035,-6.342,6.723,-0.309,-1.315,0.458,-2394.000,225.000,5656.000,-0.357,0.237,-0.198,0.882,3.174,7.935
1346.015,3,3,-0.269,-3.276,97.600,-1.270,-11.105,-3.724,-4.533,-8.979,-1.347,0.0000000,0.0000000,0.000,0.000,0.000,0.000,0,00:00:00,996.068,44.506,143.961,97.107,-4.446,-6.386,6.515,0.111,-0.976,0.897,-1817.000,428.000,5662.000,-0.338,0.220,-0.069,0.912,3.190,7.976
1346.216,3,3,-0.416,-3.503,96.688,-2.558,-10.984,-4.092,-7.235,-6.391,-1.344,0.0000000,0.0000000,0.000,0.000,0.000,0.000,0,00:00:00,996.136,44.518,143.382,96.528,-4.619,-5.775,6.350,-0.620,-0.609,1.519,-1505.000,517.000,5523.000,-0.357,0.219,0.104,0.902,3.194,7.984
1346.417,3,3,-0.680,-3.600,95.839,-3.912,-10.362,-4.347,-8.095,-4.089,-1.264,0.0000000,0.0000000,0.000,0.000,0.000,0.000,0,00:00:00,996.218,44.514,142.690,95.836,-4.209,-5.718,5.782,-0.876,-0.601,1.457,-1522.000,845.000,5460.000,-0.397,0.177,0.260,0.862,3.135,7.839
1346.618,3,3,-1.040,-3.546,94.814,-5.569,-9.178,-4.560,-10.323,-1.185,-0.562,0.0000000,0.0000000,0.000,0.000,0.000,0.000,0,00:00:00,996.359,44.512,141.504,94.650,-5.567,-6.192,6.242,-0.526,-0.505,1.528,-1928.000,1221.000,5211.000,-0.413,0.152,0.401,0.803,3.177,7.944
1346.819,3,3,-1.463,-3.341,93.803,-6.911,-7.706,-4.723,-9.595,0.652,-0.509,0.0000000,0.0000000,0.000,0.000,0.000,0.000,0,00:00:00,996.471,44.521,140.557,93.703,-5.172,-6.809,4.432,-0.673,-1.125,0.837,-2205.000,1311.000,5042.000,-0.462,0.053,0.494,0.734,3.155,7.887
1347.020,3,3,-1.908,-3.011,92.712,-8.320,-6.059,-4.685,-10.816,2.185,0.750,0.0000000,0.0000000,0.000,0.000,0.000,0.000,0,00:00:00,996.611,44.506,139.380,92.526,-5.804,-8.440,4.173,-1.577,-0.906,0.407,-2148.000,1618.000,4852.000,-0.534,-0.071,0.560,0.629,3.119,7.798
1347.221,3,3,-2.348,-2.577,91.736,-9.363,-4.220,-4.447,-9.875,4.006,1.406,0.0000000,0.0000000,0.000,0.000,0.000,0.000,0,00:00:00,996.713,44.503,138.516,91.662,-5.825,-8.540,2.945,-0.115,-0.629,0.660,-2042.000,1931.000,4401.000,-0.550,-0.103,0.605,0.567,3.116,7.790
1347.422,3,3,-2.741,-2.072,90.856,-10.065,-2.479,-3.788,-8.963,4.525,3.478,0.0000000,0.0000000,0.000,0.000,0.000,0.000,0,00:00:00,996.817,44.511,137.644,90.790,-6.213,-8.196,2.672,-0.603,-0.701,0.320,-2236.000,2004.000,4314.000,-0.566,-0.163,0.641,0.492,3.113,7.782
1347.623,3,3,-3.060,-1.547,90.104,-10.443,-1.058,-2.773,-7.987,3.981,5.408,0.0000000,0.0000000,0.000,0.000,0.000,0.000,0,00:00:00,996.912,44.508,136.839,89.985,-6.077,-7.966,2.916,-0.703,-0.833,0.141,-2058.000,2053.000,4219.000,-0.552,-0.231,0.683,0.419,3.174,7.935
1347.824,3,3,-3.282,-1.057,89.486,-10.352,-0.045,-1.416,-6.101,2.934,7.513,0.0000000,0.0000000,0.000,0.000,0.000,0.000,0,00:00:00,997.001,44.517,136.089,89.235,-5.703,-7.506,3.663,-0.737,-1.234,0.373,-2093.000,2188.000,3905.000,-0.495,-0.296,0.752,0.320,3.165,7.911
1348.025,3,3,-3.379,-0.648,88.897,-9.745,0.446,0.152,-3.724,1.151,9.574,0.0000000,0.0000000,0.000,0.000,0.000,0.000,0,00:00:00,997.111,44.520,135.163,88.310,-4.935,-7.183,5.560,-0.989,-1.519,1.055,-1979.000,2292.000,3594.000,-0.391,-0.347,0.837,0.160,3.194,7.984
1348.226,3,3,-3.330,-0.345,88.220,-8.627,0.614,1.476,-1.083,0.145,9.821,0.0000000,0.0000000,0.000,0.000,0.000,0.000,0,00:00:00,997.249,44.517,134.004,87.150,-4.188,-6.450,6.206,-0.518,-1.123,1.732,-2469.000,2275.000,3313.000,-0.299,-0.347,0.889,-0.016,3.097,7.742
1348.427,3,3,-3.130,-0.163,87.586,-7.107,0.278,2.689,1.314,-1.994,10.088,0.0000000,0.0000000,0.000,0.000,0.000,0.000,0,00:00:00,997.356,44.523,133.101,86.247,-4.518,-6.967,6.206,-1.136,-0.622,2.056,-3569.000,1980.000,3179.000,-0.235,-0.397,0.861,-0.214,3.119,7.798
1348.628,3,3,-2.786,-0.120,86.869,-5.249,-0.530,3.518,3.683,-4.262,9.282,0.0000000,0.0000000,0.000,0.000,0.000,0.000,0,00:00:00,997.484,44.519,132.017,85.163,-5.172,-7.750,5.574,-0.654,-0.744,1.749,-4446.000,1099.000,3024.000,-0.167,-0.434,0.806,-0.366,3.181,7.952
1348.829,3,3,-2.321,-0.198,86.014,-3.257,-1.375,3.674,5.276,-4.600,6.847,0.0000000,0.0000000,0.000,0.000,0.000,0.000,0,00:00:00,997.622,44.523,130.861,84.007,-4.338,-7.635,4.331,-0.597,-1.023,0.326,-4715.000,225.000,3290.000,-0.049,-0.483,0.769,-0.417,3.190,7.976
1349.030,3,3,-1.778,-0.370,85.171,-1.410,-2.423,3.663,5.641,-5.953,6.030,0.0000000,0.0000000,0.000,0.000,0.000,0.000,0,00:00:00,997.722,44.532,130.013,83.159,-5.006,-7.808,4.195,-0.720,0.136,0.126,-4496.000,86.000,3673.000,-0.031,-0.542,0.727,-0.420,3.184,7.960
1352.406,3,3,0.649,-29.783,96.219,2.822,-13.806,-0.106,1.331,-6.911,3.954,0.0000000,0.0000000,0.000,0.000,0.000,0.000,0,00:00:00,999.517,44.512,114.904,68.051,-3.814,-4.705,5.337,-0.330,-0.490,1.319,-1905.000,844.000,5468.000,-0.047,-0.522,0.657,-0.542,3.132,7.831
1352.607,3,3,0.105,-2.780,68.223,2.741,-7.743,-6.940,1.061,-8.570,3.414,0.0000000,0.0000000,0.000,0.000,0.000,0.000,0,00:00:00,999.675,44.520,113.576,66.722,-4.870,-5.251,5.911,-0.524,-0.411,1.168,-2077.000,859.000,5469.000,-0.015,-0.476,0.598,-0.645,3.097,7.742
1352.808,3,3,0.326,-2.130,66.026,3.005,-8.899,-6.824,1.763,-8.672,1.617,0.0000000,0.0000000,0.000,0.000,0.000,0.000,0,00:00:00,999.836,44.511,112.220,65.366,-4.640,-5.890,4.971,-0.620,-0.846,0.901,-2309.000,1054.000,5272.000,0.075,-0.456,0.522,-0.717,3.168,7.919
1353.009,3,3,0.579,-2.429,64.346,3.373,-10.329,-6.891,2.351,-9.308,0.101,0.0000000,0.0000000,0.000,0.000,0.000,0.000,0,00:00:00,1000.001,44.508,110.827,63.973,-4.848,-6.752,4.805,-0.456,-0.501,0.437,-2156.000,1209.000,5195.000,0.146,-0.457,0.471,-0.740,3.094,7.734
1353.210,3,3,0.840,-3.008,62.914,3.803,-11.823,-6.926,2.869,-10.041,-0.094,0.0000000,0.0000000,0.000,0.000,0.000,0.000,0,00:00:00,1000.135,44.514,109.707,62.853,-5.215,-7.528,5.021,0.192,0.051,0.283,-2299.000,1412.000,5100.000,0.152,-0.465,0.469,-0.735,3.184,7.960
1353.411,4,4,1.106,-3.674,61.490,4.386,-13.198,-6.961,3.973,-10.403,-0.112,0.0000000,0.0000000,0.000,0.000,0.000,0.000,0,00:00:00,1000.302,44.524,108.303,61.450,-6.400,-7.865,4.604,0.658,0.143,-0.345,-2319.000,1302.000,5165.000,0.121,-0.466,0.517,-0.708,3.181,7.952
1353.612,4,4,1.389,-4.316,60.121,5.217,-14.309,-6.785,5.699,-10.386,0.842,0.0000000,0.0000000,0.000,0.000,0.000,0.000,0,00:00:00,1000.458,44.514,106.991,60.137,-6.788,-8.677,4.439,0.277,0.484,-0.467,-2214.000,1123.000,5257.000,0.098,-0.479,0.567,-0.663,3.187,7.968
1353.813,4,4,1.689,-4.851,58.870,6.112,-14.955,-6.011,6.647,-9.523,3.744,0.0000000,0.0000000,0.000,0.000,0.000,0.000,0,00:00:00,1000.602,44.508,105.774,58.920,-6.845,-8.892,4.791,0.788,0.871,-0.673,-2129.000,928.000,5390.000,0.028,-0.482,0.652,-0.585,3.148,7.871
1354.014,4,4,1.971,-5.212,57.634,6.632,-14.932,-4.909,5.473,-7.518,5.937,0.0000000,0.0000000,0.000,0.000,0.000,0.000,0,00:00:00,1000.778,44.509,104.297,57.443,-6.149,-7.456,5.323,0.822,0.918,-0.961,-2488.000,653.000,5489.000,-0.041,-0.486,0.733,-0.474,3.145,7.863
1354.215,4,4,2.185,-5.349,56.553,6.813,-14.125,-3.491,4.414,-4.588,7.875,0.0000000,0.0000000,0.000,0.000,0.000,0.000,0,00:00:00,1000.922,44.502,103.089,56.235,-5.423,-6.939,4.999,1.142,0.999,-1.018,-2620.000,354.000,5445.000,-0.125,-0.466,0.808,-0.337,3.126,7.815
1354.416,4,4,2.311,-5.256,55.636,6.687,-12.809,-1.785,3.356,-2.508,9.878,0.0000000,0.0000000,0.000,0.000,0.000,0.000,0,00:00:00,1001.054,44.510,101.977,55.123,-5.919,-7.283,5.200,1.018,0.997,-1.146,-2952.000,54.000,5438.000,-0.204,-0.440,0.854,-0.187,3.194,7.984
1354.617,4,4,2.337,-4.951,54.905,6.204,-10.907,0.042,1.828,0.496,11.136,0.0000000,0.0000000,0.000,0.000,0.000,0.000,0,00:00:00,1001.167,44.511,101.033,54.179,-6.249,-7.779,5.294,1.180,0.782,-1.317,-3419.000,-26.000,5219.000,-0.249,-0.384,0.889,-0.020,3.113,7.782
1354.818,4,4,2.256,-4.465,54.301,5.366,-8.735,1.705,0.058,2.445,11.192,0.0000000,0.0000000,0.000,0.000,0.000,0.000,0,00:00:00,1001.272,44.505,100.145,53.291,-5.976,-8.548,4.741,0.482,0.443,-0.986,-3611.000,13.000,5076.000,-0.266,-0.373,0.884,0.091,3.174,7.935
1355.019,4,4,2.074,-3.875,53.715,4.311,-6.877,2.963,-1.270,1.815,10.248,0.0000000,0.0000000,0.000,0.000,0.000,0.000,0,00:00:00,1001.384,44.507,99.210,52.356,-5.437,-7.635,4.698,0.300,0.292,-0.109,-3709.000,115.000,4948.000,-0.319,-0.368,0.866,0.110,3.132,7.831
1355.220,4,4,1.826,-3.272,53.092,3.412,-5.397,4.043,-0.921,0.993,10.424,0.0000000,0.0000000,0.000,0.000,0.000,0.000,0,00:00:00,1001.499,44.506,98.244,51.390,-5.890,-6.917,5.287,0.064,-0.160,0.009,-3682.000,4.000,4927.000,-0.331,-0.357,0.869,0.092,3.135,7.839
1355.421,4,4,1.559,-2.716,52.477,2.688,-4.301,4.867,-0.536,0.119,9.868,0.0000000,0.0000000,0.000,0.000,0.000,0.000,0,00:00:00,1001.599,44.508,97.400,50.546,-5.308,-6.026,5.761,-0.192,-0.471,-0.200,-3730.000,85.000,4993.000,-0.303,-0.354,0.882,0.069,3.165,7.911
1355.622,4,4,1.303,-2.230,51.891,2.092,-3.424,5.658,-0.391,-0.049,10.230,0.0000000,0.0000000,0.000,0.000,0.000,0.000,0,00:00:00,1001.689,44.495,96.648,49.794,-5.085,-6.393,6.170,-0.271,-0.330,0.051,-3321.000,235.000,5153.000,-0.283,-0.359,0.889,0.036,3.165,7.911
1355.823,4,4,1.063,-1.821,51.349,1.524,-2.781,6.189,-0.714,-0.415,9.291,0.0000000,0.0000000,0.000,0.000,0.000,0.000,0,00:00:00,1001.766,44.515,95.994,49.140,-4.008,-5.294,6.551,-0.045,-0.019,0.162,-3287.000,420.000,5201.000,-0.264,-0.331,0.906,0.021,3.135,7.839
1356.024,4,4,0.849,-1.498,50.643,1.137,-2.473,6.658,-0.238,-1.448,10.008,0.0000000,0.0000000,0.000,0.000,0.000,0.000,0,00:00:00,1001.891,44.509,94.950,48.096,-4.949,-5.430,6.953,-0.878,0.354,0.556,-3384.000,467.000,5095.000,-0.283,-0.350,0.892,-0.044,3.197,7.992
1356.225,4,4,0.673,-1.257,49.747,0.916,-2.232,6.934,0.239,-1.306,10.065,0.0000000,0.0000000,0.000,0.000,0.000,0.000,0,00:00:00,1002.037,44.513,93.720,46.867,-5.603,-4.992,6.838,0.036,0.249,0.219,-3744.000,633.000,4750.000,-0.298,-0.315,0.899,-0.058,3.097,7.742
1356.426,4,4,0.529,-1.069,48.780,0.656,-1.948,7.252,-0.239,-0.718,10.781,0.0000000,0.0000000,0.000,0.000,0.000,0.000,0,00:00:00,1002.172,44.516,92.588,45.734,-4.935,-5.854,7.628,-0.079,0.034,-0.156,-3703.000,628.000,4668.000,-0.267,-0.315,0.910,-0.039,3.132,7.831
1356.627,4,4,0.403,-0.918,47.892,0.363,-1.744,7.281,-0.651,-0.814,9.179,0.0000000,0.0000000,0.000,0.000,0.000,0.000,0,00:00:00,1002.271,44.515,91.755,44.901,-4.094,-5.409,6.271,-0.675,0.763,0.226,-3857.000,804.000,4507.000,-0.286,-0.350,0.891,-0.041,3.097,7.742
1356.828,4,4,0.279,-0.778,47.069,-0.010,-1.272,7.532,-1.302,0.794,10.144,0.0000000,0.0000000,0.000,0.000,0.000,0.000,0,00:00:00,1002.364,44.511,90.981,44.127,-5.200,-5.416,6.989,1.263,0.880,0.021,-4133.000,760.000,4175.000,-0.330,-0.254,0.908,0.040,3.190,7.976
1357.029,4,4,0.143,-0.614,46.053,-0.532,-0.568,7.577,-2.309,2.278,9.974,0.0000000,0.0000000,0.000,0.000,0.000,0.000,0,00:00:00,1002.518,44.522,89.680,42.826,-5.516,-5.667,6.888,0.995,0.558,-0.507,-4370.000,433.000,3981.000,-0.349,-0.209,0.902,0.147,3.113,7.782
1357.230,4,4,-0.038,-0.412,44.994,-1.492,0.237,7.466,-4.853,3.180,9.339,0.0000000,0.0000000,0.000,0.000,0.000,0.000,0,00:00:00,1002.650,44.502,88.576,41.722,-4.870,-5.998,7.822,1.270,0.616,-0.701,-4461.000,512.000,3929.000,-0.350,-0.145,0.882,0.280,3.116,7.790
1357.431,4,4,-0.286,-0.193,43.878,-2.591,0.857,7.030,-6.039,2.703,7.730,0.0000000,0.0000000,0.000,0.000,0.000,0.000,0,00:00:00,1002.783,44.509,87.459,40.605,-4.410,-6.019,6.917,0.181,1.080,-0.173,-4408.000,521.000,3663.000,-0.392,-0.151,0.839,0.346,3.158,7.895
1357.632,4,4,-0.597,0.033,42.810,-3.885,1.569,6.584,-7.629,3.606,7.154,0.0000000,0.0000000,0.000,0.000,0.000,0.000,0,00:00:00,1002.890,44.515,86.564,39.710,-5.409,-6.012,7.549,1.189,0.997,-0.369,-4575.000,595.000,3153.000,-0.409,-0.062,0.792,0.449,3.168,7.919
1357.833,4,4,-0.959,0.244,41.620,-5.152,1.914,5.775,-8.218,2.201,5.336,0.0000000,0.0000000,0.000,0.000,0.000,0.000,0,00:00:00,1003.031,44.524,85.379,38.525,-4.676,-5.911,6.637,0.454,0.588,-0.756,-4479.000,768.000,2862.000,-0.414,-0.064,0.727,0.544,3.110,7.774
1358.034,4,4,-1.351,0.407,40.511,-6.388,2.008,4.966,-8.846,1.282,4.396,0.0000000,0.0000000,0.000,0.000,0.000,0.000,0,00:00:00,1003.126,44.513,84.579,37.725,-4.504,-5.775,6.752,0.980,0.513,-0.577,-4421.000,1191.000,2830.000,-0.395,-0.021,0.665,0.634,3.152,7.879
1358.235,4,4,-1.748,0.517,39.474,-7.468,2.018,4.088,-8.863,1.082,3.123,0.0000000,0.0000000,0.000,0.000,0.000,0.000,0,00:00:00,1003.213,44.514,83.851,36.997,-4.461,-5.998,5.797,-0.062,0.388,-0.117,-4231.000,1421.000,2744.000,-0.431,-0.029,0.631,0.645,3.145,7.863
1358.436,4,4,-2.136,0.592,38.405,-8.490,2.076,3.227,-9.349,1.466,2.656,0.0000000,0.0000000,0.000,0.000,0.000,0.000,0,00:00:00,1003.319,44.522,82.963,36.109,-4.726,-6.529,5.624,0.428,0.107,0.277,-4198.000,1460.000,2707.000,-0.435,-0.020,0.624,0.649,3.187,7.968
1358.637,4,4,-2.498,0.658,37.218,-9.248,2.303,2.602,-8.756,2.442,3.714,0.0000000,0.0000000,0.000,0.000,0.000,0.000,0,00:00:00,1003.456,44.517,81.816,34.962,-5.272,-6.680,4.899,-0.494,-0.769,0.317,-4284.000,1343.000,2816.000,-0.456,-0.088,0.662,0.588,3.094,7.734
1358.838,4,4,-2.803,0.738,35.987,-9.655,2.673,2.282,-7.617,3.317,5.034,0.0000000,0.0000000,0.000,0.000,0.000,0.000,0,00:00:00,1003.595,44.516,80.649,33.795,-5.689,-6.694,4.145,-0.893,-0.737,0.454,-4248.000,1177.000,3023.000,-0.488,-0.157,0.705,0.490,3.142,7.855
1359.039,4,4,-3.021,0.824,34.774,-9.625,2.856,2.460,-5.880,2.554,7.392,0.0000000,0.0000000,0.000,0.000,0.000,0.000,0,00:00:00,1003.735,44.532,79.477,32.623,-5.689,-6.213,4.978,-0.607,-1.427,0.111,-4265.000,1007.000,3309.000,-0.438,-0.222,0.773,0.402,3.145,7.863
1359.240,4,4,-3.130,0.889,33.694,-9.180,2.820,2.912,-4.032,1.597,8.481,0.0000000,0.0000000,0.000,0.000,0.000,0.000,0,00:00:00,1003.853,44.517,78.486,31.632,-4.884,-6.134,5.409,-0.790,-1.453,0.352,-4134.000,985.000,3813.000,-0.374,-0.290,0.833,0.288,3.168,7.919
1359.441,4,4,-3.121,0.913,32.554,-8.402,2.585,3.464,-2.358,0.648,9.598,0.0000000,0.0000000,0.000,0.000,0.000,0.000,0,00:00:00,1004.013,44.534,77.141,30.287,-4.626,-5.940,6.436,-0.692,-1.042,0.793,-3876.000,959.000,4248.000,-0.318,-0.313,0.881,0.159,3.190,7.976
1359.642,4,4,-2.999,0.890,31.460,-7.371,2.224,4.217,-0.860,-0.019,10.928,0.0000000,0.0000000,0.000,0.000,0.000,0.000,0,00:00:00,1004.157,44.528,75.940,29.086,-5.215,-6.192,7.391,-0.441,-0.586,1.236,-3943.000,758.000,4431.000,-0.293,-0.312,0.904,0.021,3.158,7.895
1359.843,4,4,-2.780,0.806,30.435,-6.191,1.511,4.840,0.324,-1.937,10.545,0.0000000,0.0000000,0.000,0.000,0.000,0.000,0,00:00:00,1004.290,44.523,74.826,27.972,-5.222,-5.840,7.327,-1.155,-0.213,1.038,-4045.000,458.000,4541.000,-0.267,-0.354,0.890,-0.108,3.187,7.968
1360.044,4,4,-2.485,0.664,29.501,-4.941,0.836,5.486,1.259,-2.032,10.799,0.0000000,0.0000000,0.000,0.000,0.000,0.000,0,00:00:00,1004.406,44.524,73.846,26.992,-5.710,-5.797,7.492,0.262,-0.313,0.952,-4113.000,183.000,4537.000,-0.256,-0.312,0.896,-0.187,3.174,7.935
1360.245,4,4,-2.137,0.475,28.548,-3.701,-0.029,5.847,1.902,-3.358,9.850,0.0000000,0.0000000,0.000,0.000,0.000,0.000,0,00:00:00,1004.539,44.522,72.739,25.885,-5.380,-5.832,6.996,-0.790,-0.151,0.584,-3976.000,-185.000,4634.000,-0.217,-0.365,0.869,-0.253,3.187,7.968
1360.446,4,4,-1.748,0.256,27.580,-2.324,-0.702,6.238,3.362,-2.836,10.338,0.0000000,0.0000000,0.000,0.000,0.000,0.000,0,00:00:00,1004.668,44.519,71.657,24.804,-6.278,-6.321,6.845,0.673,-0.479,0.390,-3967.000,-329.000,4799.000,-0.207,-0.314,0.883,-0.280,3.126,7.815
1360.647,4,4,-1.331,0.025,26.624,-1.064,-1.456,6.229,3.612,-3.701,8.459,0.0000000,0.0000000,0.000,0.000,0.000,0.000,0,00:00:00,1004.786,44.524,70.667,23.813,-5.437,-5.955,5.768,-0.793,-0.507,-0.258,-3752.000,-404.000,4986.000,-0.156,-0.397,0.857,-0.290,3.177,7.944
1360.848,4,4,-0.914,-0.212,25.652,0.039,-2.100,6.270,3.664,-3.630,8.780,0.0000000,0.0000000,0.000,0.000,0.000,0.000,0,00:00:00,1004.905,44.519,69.669,22.815,-5.265,-6.120,6.206,0.330,-0.482,-0.049,-3470.000,-306.000,5284.000,-0.142,-0.383,0.863,-0.298,3.161,7.903
1361.049,4,4,-0.517,-0.442,24.675,0.982,-2.695,6.102,3.661,-3.842,7.705,0.0000000,0.0000000,0.000,0.000,0.000,0.000,0,00:00:00,1005.020,44.513,68.704,21.850,-5.078,-5.840,5.258,-0.228,-0.198,0.011,-3358.000,-218.000,5270.000,-0.140,-0.418,0.842,-0.312,3.194,7.984
1361.250,4,4,-0.147,-0.667,23.728,1.865,-3.315,6.016,4.096,-4.416,7.906,0.0000000,0.0000000,0.000,0.000,0.000,0.000,0,00:00:00,1005.125,44.510,67.826,20.973,-5.538,-6.026,5.639,0.017,-0.473,-0.266,-3140.000,-266.000,5388.000,-0.127,-0.420,0.840,-0.319,3.103,7.758
1361.451,4,4,0.196,-0.883,22.776,2.659,-3.829,5.881,4.344,-4.315,7.592,0.0000000,0.0000000,0.000,0.000,0.000,0.000,0,00:00:00,1005.236,44.512,66.897,20.043,-5.021,-6.328,5.466,-0.175,-0.584,-0.207,-2826.000,-126.000,5470.000,-0.095,-0.435,0.830,-0.336,3.194,7.984
1361.652,4,4,0.498,-1.091,21.807,3.164,-4.418,5.656,3.503,-5.110,7.069,0.0000000,0.0000000,0.000,0.000,0.000,0.000,0,00:00:00,1005.349,44.501,65.952,19.098,-4.489,-5.804,5.876,-0.317,-0.303,0.460,-2621.000,-41.000,5633.000,-0.082,-0.435,0.805,-0.394,3.152,7.879
1361.853,4,4,0.747,-1.314,20.878,3.543,-5.242,6.217,3.377,-6.719,10.959,0.0000000,0.0000000,0.000,0.000,0.000,0.000,0,00:00:00,1005.459,44.514,65.031,18.177,-5.746,-8.160,8.777,0.441,-0.030,0.712,-2598.000,50.000,5665.000,-0.128,-0.391,0.794,-0.448,3.132,7.831
1362.054,4,4,0.947,-1.581,20.077,3.816,-6.370,7.966,3.250,-8.769,17.267,0.0000000,0.0000000,0.000,0.000,0.000,0.000,0,00:00:00,1005.570,44.509,64.098,17.244,-8.217,-12.240,12.972,0.422,0.147,0.652,-2449.000,95.000,5688.000,-0.183,-0.355,0.777,-0.487,3.110,7.774
1362.255,4,4,1.043,-1.941,19.126,3.041,-8.197,7.594,-1.773,-12.963,7.825,0.0000000,0.0000000,0.000,0.000,0.000,0.000,0,00:00:00,1005.728,44.519,62.780,15.926,-8.303,-6.759,10.853,-1.753,0.758,0.656,-2824.000,-761.000,5615.000,-0.177,-0.506,0.655,-0.532,3.126,7.815
1362.456,4,4,1.066,-2.318,18.132,3.219,-8.682,6.521,3.008,-7.039,3.945,0.0000000,0.0000000,0.000,0.000,0.000,0.000,0,00:00:00,1005.831,44.511,61.916,15.062,-5.718,-5.402,3.505,-0.019,-0.275,-0.158,-3092.000,399.000,5213.000,-0.130,-0.511,0.671,-0.521,3.190,7.976
1362.657,4,4,1.081,-2.612,17.175,3.056,-9.036,6.336,1.347,-6.975,7.738,0.0000000,0.0000000,0.000,0.000,0.000,0.000,0,00:00:00,1005.920,44.522,61.167,14.313,-5.114,-4.590,7.944,1.383,-0.848,-0.345,-2670.000,-880.000,5656.000,-0.107,-0.356,0.771,-0.517,3.110,7.774
1362.858,4,4,1.112,-2.847,16.294,3.546,-9.421,5.801,4.662,-7.596,5.420,0.0000000,0.0000000,0.000,0.000,0.000,0.000,0,00:00:00,1006.003,44.513,60.475,13.621,-4.518,-7.441,5.746,-2.075,0.075,0.207,-2420.000,403.000,5492.000,0.016,-0.490,0.689,-0.534,3.190,7.976
1363.059,4,4,1.125,-3.050,15.357,2.950,-9.870,5.965,-0.723,-8.324,8.973,0.0000000,0.0000000,0.000,0.000,0.000,0.000,0,00:00:00,1006.118,44.525,59.513,12.659,-5.466,-5.272,9.625,1.773,1.010,0.396,-2802.000,-341.000,5631.000,-0.164,-0.413,0.741,-0.504,3.094,7.734
1363.260,4,4,1.052,-3.326,14.212,2.280,-11.709,3.924,-1.236,-15.787,-1.921,0.0000000,0.0000000,0.000,0.000,0.000,0.000,0,00:00:00,1006.258,44.522,58.344,11.490,-8.203,-7.951,11.133,-5.003,0.882,0.565,-3543.000,458.000,5037.000,-0.000,-0.729,0.437,-0.526,3.090,7.726
1363.461,4,4,0.894,-3.697,13.053,1.215,-12.912,1.661,-3.512,-13.361,-4.643,0.0000000,0.0000000,0.000,0.000,0.000,0.000,0,00:00:00,1006.333,44.521,57.719,10.865,-8.160,-9.560,7.377,-1.391,1.419,2.391,-4267.000,1226.000,2950.000,-0.156,-0.826,0.201,-0.504,3.094,7.734
1363.662,4,4,0.653,-4.057,11.972,0.085,-13.651,-0.103,-4.319,-11.775,-4.010,0.0000000,0.0000000,0.000,0.000,0.000,0.000,0,00:00:00,1006.388,44.528,57.250,10.396,-8.734,-4.137,8.943,2.201,0.277,0.147,-4756.000,472.000,2860.000,-0.278,-0.774,0.362,-0.439,3.187,7.968
1367.048,4,4,-24.301,-69.590,-7.457,-13.822,-22.188,-10.888,-6.986,-10.766,-3.995,0.0000000,0.0000000,0.000,0.000,0.000,0.000,0,00:00:00,1007.984,44.487,43.908,-2.946,-6.910,-6.529,9.503,-1.102,0.060,0.482,-3765.000,512.000,4653.000,-0.267,-0.798,0.252,-0.479,3.152,7.879
1367.249,4,4,-2.298,-6.271,-4.260,-8.403,-6.009,-9.075,-5.139,-7.120,1.903,0.0000000,0.0000000,0.000,0.000,0.000,0.000,0,00:00:00,1008.107,44.487,42.879,-3.975,-3.915,-6.077,5.337,0.224,2.599,4.898,-4315.000,146.000,4097.000,-0.290,-0.660,0.304,-0.623,3.110,7.774
1367.450,5,5,-1.931,-3.598,-4.585,-8.916,-6.453,-8.957,-5.198,-7.137,-1.312,0.0000000,0.0000000,0.000,0.000,0.000,0.000,0,00:00:00,1008.036,44.469,43.476,-3.378,-7.262,-1.796,4.870,1.673,3.628,2.693,-3787.000,-2752.000,1706.000,-0.439,-0.595,0.367,-0.564,3.090,7.726
1367.651,5,5,-2.275,-2.941,-5.121,-9.728,-6.676,-9.556,-6.085,-3.758,-4.878,0.0000000,0.0000000,0.000,0.000,0.000,0.000,0,00:00:00,1008.049,44.493,43.368,-3.486,-7.592,-0.266,4.152,-2.237,0.999,1.907,-1474.000,-3398.000,588.000,-0.330,-0.577,0.168,-0.728,3.158,7.895
1367.852,5,5,-2.697,-2.773,-5.462,-9.164,-6.767,-7.818,0.466,-2.857,6.115,0.0000000,0.0000000,0.000,0.000,0.000,0.000,0,00:00:00,1008.047,44.475,43.382,-3.472,6.285,1.638,1.896,-8.667,-0.236,0.273,-493.000,-4063.000,2739.000,0.218,-0.527,-0.260,-0.779,3.129,7.823
1368.053,5,5,-3.107,-2.716,-5.642,-10.464,-6.259,-8.243,-9.474,-0.100,-5.331,0.0000000,0.0000000,0.000,0.000,0.000,0.000,0,00:00:00,1008.056,44.482,43.312,-3.542,-8.160,-5.193,4.963,-0.394,-1.080,-0.396,-48.000,-1128.000,5572.000,0.301,-0.397,-0.235,-0.835,3.161,7.903
1368.254,5,5,-3.499,-2.621,-5.835,-10.549,-5.620,-7.897,-4.360,0.226,-2.086,0.0000000,0.0000000,0.000,0.000,0.000,0.000,0,00:00:00,1008.082,44.476,43.090,-3.764,-3.412,-2.162,2.665,-0.686,0.183,0.196,502.000,-869.000,5426.000,0.354,-0.401,-0.272,-0.800,3.106,7.766
1368.455,5,5,-3.737,-2.485,-6.165,-10.260,-5.278,-7.826,-3.421,-1.525,-3.413,0.0000000,0.0000000,0.000,0.000,0.000,0.000,0,00:00:00,1008.158,44.477,42.456,-4.398,-4.453,-2.413,0.151,4.163,-0.776,-0.332,-37.000,-310.000,5589.000,0.012,-0.405,-0.098,-0.909,3.158,7.895
1368.656,5,5,-3.819,-2.194,-5.985,-9.832,-2.908,-5.664,-3.461,8.578,5.725,0.0000000,0.0000000,0.000,0.000,0.000,0.000,0,00:00:00,1008.094,44.473,42.987,-3.867,0.503,3.864,10.157,4.440,-0.394,-0.034,14.000,-2650.000,5101.000,-0.286,-0.200,0.043,-0.936,3.126,7.815
1368.857,5,5,-3.666,-1.741,-5.843,-7.615,-1.598,-6.188,5.135,3.716,-7.222,0.0000000,0.0000000,0.000,0.000,0.000,0.000,0,00:00:00,1008.116,44.474,42.807,-4.047,4.274,8.584,0.618,1.278,0.192,-0.245,78.000,-3944.000,3746.000,-0.553,-0.031,-0.042,-0.831,3.087,7.718
1369.058,5,5,-3.249,-1.273,-5.844,-5.453,-0.483,-6.847,5.159,3.354,-7.984,0.0000000,0.0000000,0.000,0.000,0.000,0.000,0,00:00:00,1008.124,44.474,42.742,-4.112,3.247,9.345,1.932,0.415,0.464,-0.004,119.000,-4023.000,3234.000,-0.611,0.000,-0.118,-0.783,3.177,7.944
1369.259,5,5,-2.719,-0.812,-5.895,-3.975,0.686,-7.489,2.432,4.349,-8.313,0.0000000,0.0000000,0.000,0.000,0.000,0.000,0,00:00:00,1008.120,44.465,42.774,-4.079,0.675,9.417,2.191,-0.298,-0.062,-0.079,0.000,-3975.000,3239.000,-0.605,-0.010,-0.097,-0.790,3.181,7.952
1369.460,5,5,-2.236,-0.339,-5.989,-3.471,2.161,-7.951,-1.684,6.700,-7.753,0.0000000,0.0000000,0.000,0.000,0.000,0.000,0,00:00:00,1008.122,44.458,42.755,-4.099,-2.686,9.388,3.534,-0.582,-0.173,-0.006,-138.000,-3937.000,3425.000,-0.560,-0.068,-0.033,-0.825,3.184,7.960
1369.661,5,5,-1.845,0.159,-6.053,-2.867,3.672,-8.008,-0.530,7.826,-6.106,0.0000000,0.0000000,0.000,0.000,0.000,0.000,0,00:00:00,1008.119,44.454,42.783,-4.071,-1.077,8.871,4.353,-0.426,-0.019,-0.185,-156.000,-3913.000,3663.000,-0.524,-0.076,-0.020,-0.848,3.129,7.823
1369.862,5,5,-1.499,0.673,-6.051,-2.056,5.200,-7.795,1.116,8.909,-4.989,0.0000000,0.0000000,0.000,0.000,0.000,0.000,0,00:00:00,1008.112,44.450,42.843,-4.011,0.532,8.993,4.935,-0.684,-0.034,-0.219,-158.000,-3801.000,3807.000,-0.487,-0.042,-0.028,-0.872,3.165,7.911
1370.063,5,5,-1.202,1.196,-5.980,-1.743,6.720,-6.943,-0.804,9.912,-1.690,0.0000000,0.0000000,0.000,0.000,0.000,0.000,0,00:00:00,1008.110,44.441,42.858,-3.996,-0.991,7.815,6.299,-1.165,-0.004,-0.064,-76.000,-3598.000,4299.000,-0.406,-0.052,-0.023,-0.912,3.142,7.855
1370.264,5,5,-1.029,1.663,-5.757,-2.327,7.296,-4.398,-4.944,6.159,7.438,0.0000000,0.0000000,0.000,0.000,0.000,0.000,0,00:00:00,1008.112,44.446,42.837,-4.017,-3.290,4.267,9.417,-4.033,-0.256,-0.469,-94.000,-2773.000,5181.000,-0.114,-0.093,0.007,-0.989,3.094,7.734
1370.465,5,5,-0.957,1.833,-5.440,-2.359,4.739,-3.973,-2.058,-9.082,-2.327,0.0000000,0.0000000,0.000,0.000,0.000,0.000,0,00:00:00,1008.106,44.451,42.890,-3.964,-1.070,-6.817,6.673,-8.729,0.396,-0.277,-115.000,766.000,5049.000,0.479,-0.078,-0.033,-0.874,3.184,7.960
1370.666,5,5,-0.888,1.855,-5.198,-1.971,5.956,-2.928,0.166,9.741,1.603,0.0000000,0.0000000,0.000,0.000,0.000,0.000,0,00:00:00,1008.111,44.451,42.849,-4.005,-0.395,-4.813,-8.612,-4.547,-0.249,-0.520,-426.000,1527.000,1212.000,0.900,-0.018,-0.024,-0.434,3.090,7.726
1370.867,5,5,-0.797,1.952,-4.903,-1.630,6.048,-0.769,0.110,4.351,8.181,0.0000000,0.0000000,0.000,0.000,0.000,0.000,0,00:00:00,1008.117,44.453,42.800,-4.054,-0.108,-0.374,-9.259,-0.215,-0.147,-0.283,-189.000,128.000,92.000,0.975,0.015,-0.016,-0.222,3.129,7.823
1371.068,5,5,-0.686,2.077,-4.508,-1.143,6.948,0.671,1.053,8.616,5.605,0.0000000,0.0000000,0.000,0.000,0.000,0.000,0,00:00:00,1008.109,44.456,42.862,-3.992,1.839,-4.137,-9.287,1.410,0.000,0.085,-228.000,446.000,265.000,0.958,0.022,0.032,-0.284,3.168,7.919
1371.269,5,5,-0.572,2.269,-4.126,-0.956,7.809,1.604,-0.210,8.809,4.056,0.0000000,0.0000000,0.000,0.000,0.000,0.000,0,00:00:00,1008.102,44.451,42.922,-3.932,-0.050,-5.323,-8.109,-0.207,0.000,0.181,-251.000,826.000,492.000,0.961,-0.000,0.013,-0.275,3.126,7.815
1371.470,5,5,-0.475,2.496,-3.787,-0.766,8.576,2.453,0.002,8.796,4.486,0.0000000,0.0000000,0.000,0.000,0.000,0.000,0,00:00:00,1008.095,44.450,42.980,-3.874,-0.201,-5.085,-8.461,0.077,0.036,0.145,-178.000,753.000,544.000,0.961,-0.017,0.004,-0.275,3.158,7.895
1371.671,5,5,-0.395,2.734,-3.574,-0.677,9.275,2.970,-0.345,8.933,3.850,0.0000000,0.0000000,0.000,0.000,0.000,0.000,0,00:00:00,1008.110,44.442,42.857,-3.997,-0.625,-5.157,-8.232,0.467,-0.153,-0.151,-270.000,880.000,532.000,0.954,-0.003,-0.019,-0.298,3.094,7.734
1371.872,5,5,-0.325,2.976,-3.442,-0.470,9.986,2.385,0.380,9.478,-1.346,0.0000000,0.0000000,0.000,0.000,0.000,0.000,0,00:00:00,1008.105,44.423,42.895,-3.959,-0.007,-6.903,-6.644,2.058,0.113,0.153,-171.000,1321.000,1037.000,0.899,-0.020,-0.003,-0.438,3.155,7.887
1372.073,5,5,-0.254,3.154,-3.509,-0.262,9.643,0.312,0.525,4.592,-9.011,0.0000000,0.0000000,0.000,0.000,0.000,0.000,0,00:00:00,1008.103,44.431,42.914,-3.940,-0.208,-9.905,-2.097,1.749,0.175,0.066,-274.000,1899.000,2095.000,0.793,-0.034,0.014,-0.608,3.142,7.855
1372.274,5,5,-0.209,3.229,-3.757,-0.470,9.380,-1.495,-1.451,5.133,-8.499,0.0000000,0.0000000,0.000,0.000,0.000,0.000,0,00:00:00,1008.101,44.426,42.934,-3.920,-2.026,-9.618,-2.018,-0.844,-0.138,-0.026,-170.000,1917.000,2574.000,0.809,-0.047,-0.036,-0.585,3.145,7.863
